Nyomtatvany,Kod,Adoazon,Adattípus,Max_hossz,Lap,Sor,Oszlop,Dinamikus,EAzon,Kihagyva,Megnevezes
2408M,13841,adozo_adoszam,S,11,2408M,1,0,F,0A0001C001A,F,
2408M,13842,adozo_adoazonosito_jel,S,10,2408M,2,0,F,0A0001C002A,F,
2408M,13843,adozo_nev,S,75,2408M,3,0,F,0A0001C003A,F,
2408M,17428,adozo_csaladi_titulus,S,11,2408M,4,0,F,0A0001C004A,F,
2408M,17429,adozo_csaladi_vnev,S,40,2408M,5,0,F,0A0001C005A,F,
2408M,17430,adozo_csaladi_knev,S,40,2408M,6,0,F,0A0001C006A,F,
2408M,13844,adoazonosito_jel,S,10,2408M,7,0,F,0A0001C007A,F,
2408M,13845,neme,S,1,2408M,8,0,F,0A0001C008A,F,
2408M,13846,allampolgarsag,S,2,2408M,9,0,F,0A0001C009A,F,
2408M,13847,adoszam,S,11,2408M,10,0,F,0A0001C010A,F,
2408M,21917,kulfoldi_illetekessegu,L,1,2408M,11,0,F,0A0001C011A,F,
2408M,25399,EU_adoazonosito,S,21,2408M,12,0,F,0A0001C012A,F,
2408M,16960,tulajdonostars_adoszam,S,11,2408M,13,0,F,0A0001C013A,F,
2408M,22731,kulfoldi_illetekessegu_allam,S,2,2408M,14,0,F,0A0001C014A,F,
2408M,13848,tevekenyseg_azonosito,S,15,2408M,15,0,F,0A0001C015A,F,
2408M,13849,csaladi_gazd_nyszam,S,12,2408M,16,0,F,0A0001C016A,F,
2408M,6275,csaladi_titulus,S,11,2408M,17,0,F,0A0001C017A,F,
2408M,14807,csaladi_vnev,S,40,2408M,18,0,F,0A0001C018A,F,
2408M,14808,csaladi_knev,S,40,2408M,19,0,F,0A0001C019A,F,
2408M,20517,elozo_titulus,S,11,2408M,20,0,F,0A0001C020A,F,
2408M,20518,elozo_vnev,S,40,2408M,21,0,F,0A0001C021A,F,
2408M,20519,elozo_knev,S,40,2408M,22,0,F,0A0001C022A,F,
2408M,17052,szuletesi_vnev,S,40,2408M,23,0,F,0A0001C023A,F,
2408M,17053,szuletesi_knev,S,40,2408M,24,0,F,0A0001C024A,F,
2408M,17054,anyja_szuletesi_vnev,S,40,2408M,25,0,F,0A0001C025A,F,
2408M,17055,anyja_szuletesi_knev,S,40,2408M,26,0,F,0A0001C026A,F,
2408M,13854,szuletesi_hely,S,40,2408M,27,0,F,0A0001C027A,F,
2408M,13855,szuletesi_ido,N,8,2408M,28,0,F,0A0001C028A,F,
2408M,16672,tajszam,S,9,2408M,1,0,F,0A0001D001A,F,
2408M,24579,Külföldi_TAJ,L,1,2408M,2,0,F,0A0001D002A,F,
2408M,16697,bevtol,N,8,2408M,1,0,F,0A0001E001A,F,
2408M,16698,bevig,N,8,2408M,2,0,F,0A0001E002A,F,
2408M,16699,jelolje_helyesbites,S,1,2408M,3,0,F,0A0001E003A,F,
2408M,16700,jelolje_Tvel,S,1,2408M,4,0,F,0A0001E004A,F,
2408M,24233,Tbj_87,L,1,2408M,5,0,F,0A0001E005A,F,
2408M,20513,tarsas_vallalk_adoszam,S,11,2408M,1,0,F,0A0001F001A,F,
2408M,20516,tarsas_vallalk_nev,S,40,2408M,2,0,F,0A0001F002A,F,
2408M,12152,adozo_adoszam_04,S,11,2408M-04,1,0,F,0B0001B001A,F,
2408M,12151,adozo_adoazonosito_jel_04,S,10,2408M-04,2,0,F,0B0001B002A,F,
2408M,12154,adoazonosito_jel_04,S,10,2408M-04,3,0,F,0B0001B003A,F,
2408M,12155,adoszam_04,S,11,2408M-04,4,0,F,0B0001B004A,F,
2408M,17012,csaladi_titulus_04,S,11,2408M-04,5,0,F,0B0001B005A,F,
2408M,17010,csaladi_vnev_04,S,40,2408M-04,6,0,F,0B0001B006A,F,
2408M,17011,csaladi_knev_04,S,40,2408M-04,7,0,F,0B0001B007A,F,
2408M,25140,jelolje_Xel_04,L,1,2408M-04,1,0,F,0B0001C001A,F,
2408M,12156,D300,N,11,2408M-04,300,4,F,0B0001D0300DA,F,Teszt
2408M,24664,E300,N,11,2408M-04,300,5,F,0B0001D0300EA,F,
2408M,25142,F300,N,11,2408M-04,300,6,F,0B0001D0300FA,F,
2408M,25270,G300,N,11,2408M-04,300,7,F,0B0001D0300GA,F,
2408M,12157,A301,S,1,2408M-04,301,1,F,0B0001D0301AA,F,
2408M,12158,B301,N,11,2408M-04,301,2,F,0B0001D0301BA,F,
2408M,12159,C301,N,11,2408M-04,301,3,F,0B0001D0301CA,F,
2408M,12160,D301,N,11,2408M-04,301,4,F,0B0001D0301DA,F,
2408M,24665,E301,N,11,2408M-04,301,5,F,0B0001D0301EA,F,
2408M,25143,F301,N,11,2408M-04,301,6,F,0B0001D0301FA,F,
2408M,25271,G301,N,11,2408M-04,301,7,F,0B0001D0301GA,F,
2408M,23999,A302,S,1,2408M-04,302,1,F,0B0001D0302AA,F,
2408M,24000,B302,N,11,2408M-04,302,2,F,0B0001D0302BA,F,
2408M,24001,C302,N,11,2408M-04,302,3,F,0B0001D0302CA,F,
2408M,24002,D302,N,11,2408M-04,302,4,F,0B0001D0302DA,F,
2408M,24670,E302,N,11,2408M-04,302,5,F,0B0001D0302EA,F,
2408M,25148,F302,N,11,2408M-04,302,6,F,0B0001D0302FA,F,
2408M,25276,G302,N,11,2408M-04,302,7,F,0B0001D0302GA,F,
2408M,12164,D303,N,11,2408M-04,303,4,F,0B0001D0303DA,F,
2408M,24666,E303,N,11,2408M-04,303,5,F,0B0001D0303EA,F,
2408M,25144,F303,N,11,2408M-04,303,6,F,0B0001D0303FA,F,
2408M,25272,G303,N,11,2408M-04,303,7,F,0B0001D0303GA,F,
2408M,12165,D304,N,11,2408M-04,304,4,F,0B0001D0304DA,F,
2408M,24667,E304,N,11,2408M-04,304,5,F,0B0001D0304EA,F,
2408M,25145,F304,N,11,2408M-04,304,6,F,0B0001D0304FA,F,
2408M,25273,G304,N,11,2408M-04,304,7,F,0B0001D0304GA,F,
2408M,12166,A305,S,1,2408M-04,305,1,F,0B0001D0305AA,F,
2408M,12167,B305,N,11,2408M-04,305,2,F,0B0001D0305BA,F,
2408M,12168,C305,N,11,2408M-04,305,3,F,0B0001D0305CA,F,
2408M,12169,D305,N,11,2408M-04,305,4,F,0B0001D0305DA,F,
2408M,24668,E305,N,11,2408M-04,305,5,F,0B0001D0305EA,F,
2408M,25146,F305,N,11,2408M-04,305,6,F,0B0001D0305FA,F,
2408M,25274,G305,N,11,2408M-04,305,7,F,0B0001D0305GA,F,
2408M,12177,A306,S,1,2408M-04,306,1,F,0B0001D0306AA,F,
2408M,12172,B306,N,11,2408M-04,306,2,F,0B0001D0306BA,F,
2408M,14117,C306,N,11,2408M-04,306,3,F,0B0001D0306CA,F,
2408M,14116,D306,N,11,2408M-04,306,4,F,0B0001D0306DA,F,
2408M,24669,E306,N,11,2408M-04,306,5,F,0B0001D0306EA,F,
2408M,25147,F306,N,11,2408M-04,306,6,F,0B0001D0306FA,F,
2408M,25275,G306,N,11,2408M-04,306,7,F,0B0001D0306GA,F,
2408M,24252,B307,N,11,2408M-04,307,2,F,0B0001D0307BA,F,
2408M,24253,C307,N,11,2408M-04,307,3,F,0B0001D0307CA,F,
2408M,24254,D307,N,11,2408M-04,307,4,F,0B0001D0307DA,F,
2408M,24896,B308,N,11,2408M-04,308,2,F,0B0001D0308BA,F,
2408M,24900,C308,N,11,2408M-04,308,3,F,0B0001D0308CA,F,
2408M,24968,D308,N,11,2408M-04,308,4,F,0B0001D0308DA,F,
2408M,24671,E308,N,11,2408M-04,308,5,F,0B0001D0308EA,F,
2408M,25149,F308,N,11,2408M-04,308,6,F,0B0001D0308FA,F,
2408M,25277,G308,N,11,2408M-04,308,7,F,0B0001D0308GA,F,
2408M,24897,B309,N,11,2408M-04,309,2,F,0B0001D0309BA,F,
2408M,24901,C309,N,11,2408M-04,309,3,F,0B0001D0309CA,F,
2408M,24969,D309,N,11,2408M-04,309,4,F,0B0001D0309DA,F,
2408M,24672,E309,N,11,2408M-04,309,5,F,0B0001D0309EA,F,
2408M,25150,F309,N,11,2408M-04,309,6,F,0B0001D0309FA,F,
2408M,25278,G309,N,11,2408M-04,309,7,F,0B0001D0309GA,F,
2408M,24898,B310,N,11,2408M-04,310,2,F,0B0001D0310BA,F,
2408M,24902,C310,N,11,2408M-04,310,3,F,0B0001D0310CA,F,
2408M,24970,D310,N,11,2408M-04,310,4,F,0B0001D0310DA,F,
2408M,24673,E310,N,11,2408M-04,310,5,F,0B0001D0310EA,F,
2408M,25151,F310,N,11,2408M-04,310,6,F,0B0001D0310FA,F,
2408M,25279,G310,N,11,2408M-04,310,7,F,0B0001D0310GA,F,
2408M,24899,B311,N,11,2408M-04,311,2,F,0B0001D0311BA,F,
2408M,24903,C311,N,11,2408M-04,311,3,F,0B0001D0311CA,F,
2408M,24971,D311,N,11,2408M-04,311,4,F,0B0001D0311DA,F,
2408M,24674,E311,N,11,2408M-04,311,5,F,0B0001D0311EA,F,
2408M,25152,F311,N,11,2408M-04,311,6,F,0B0001D0311FA,F,
2408M,25280,G311,N,11,2408M-04,311,7,F,0B0001D0311GA,F,
2408M,24069,B312,N,11,2408M-04,312,2,F,0B0001D0312BA,F,
2408M,24070,C312,N,11,2408M-04,312,3,F,0B0001D0312CA,F,
2408M,21178,D312,N,11,2408M-04,312,4,F,0B0001D0312DA,F,
2408M,24195,B313,N,11,2408M-04,313,2,F,0B0001D0313BA,F,
2408M,24196,C313,N,11,2408M-04,313,3,F,0B0001D0313CA,F,
2408M,24197,D313,N,11,2408M-04,313,4,F,0B0001D0313DA,F,
2408M,22809,A314,N,10,2408M-04,314,1,F,0B0001D0314AA,F,
2408M,22810,B314,N,11,2408M-04,314,2,F,0B0001D0314BA,F,
2408M,22811,C314,N,11,2408M-04,314,3,F,0B0001D0314CA,F,
2408M,22823,D314,N,11,2408M-04,314,4,F,0B0001D0314DA,F,
2408M,24676,E314,N,11,2408M-04,314,5,F,0B0001D0314EA,F,
2408M,25154,F314,N,11,2408M-04,314,6,F,0B0001D0314FA,F,
2408M,25282,G314,N,11,2408M-04,314,7,F,0B0001D0314GA,F,
2408M,22812,A315,N,10,2408M-04,315,1,F,0B0001D0315AA,F,
2408M,22813,B315,N,11,2408M-04,315,2,F,0B0001D0315BA,F,
2408M,22814,C315,N,11,2408M-04,315,3,F,0B0001D0315CA,F,
2408M,22822,D315,N,11,2408M-04,315,4,F,0B0001D0315DA,F,
2408M,24675,E315,N,11,2408M-04,315,5,F,0B0001D0315EA,F,
2408M,25153,F315,N,11,2408M-04,315,6,F,0B0001D0315FA,F,
2408M,25281,G315,N,11,2408M-04,315,7,F,0B0001D0315GA,F,
2408M,22821,D316,N,13,2408M-04,316,4,F,0B0001D0316DA,F,
2408M,24652,adozo_adoszam_05,S,11,2408M-05,1,0,F,0C0001B001A,F,
2408M,24651,adozo_adoazonosito_jel_05,S,10,2408M-05,2,0,F,0C0001B002A,F,
2408M,24653,adoazonosito_jel_05,S,10,2408M-05,3,0,F,0C0001B003A,F,
2408M,24654,adoszam_05,S,11,2408M-05,4,0,F,0C0001B004A,F,
2408M,24657,csaladi_titulus_05,S,11,2408M-05,5,0,F,0C0001B005A,F,
2408M,24655,csaladi_vnev_05,S,40,2408M-05,6,0,F,0C0001B006A,F,
2408M,24656,csaladi_knev_05,S,40,2408M-05,7,0,F,0C0001B007A,F,
2408M,25092,B317,N,13,2408M-05,317,2,F,0C0001C0317BA,F,
2408M,25141,B318,N,13,2408M-05,318,2,F,0C0001C0318BA,F,
2408M,25283,B319,N,13,2408M-05,319,2,F,0C0001C0319BA,F,
2408M,25157,A320,S,11,2408M-05,320,1,F,0C0001C0320AA,F,
2408M,25096,B320,N,13,2408M-05,320,2,F,0C0001C0320BA,F,
2408M,25100,A321,N,13,2408M-05,321,1,F,0C0001C0321AA,F,
2408M,25099,B321,N,13,2408M-05,321,2,F,0C0001C0321BA,F,
2408M,25102,A322,N,13,2408M-05,322,1,F,0C0001C0322AA,F,
2408M,25101,B322,N,13,2408M-05,322,2,F,0C0001C0322BA,F,
2408M,25103,B323,N,13,2408M-05,323,2,F,0C0001C0323BA,F,
2408M,25104,B324,N,13,2408M-05,324,2,F,0C0001C0324BA,F,
2408M,25105,B325,N,13,2408M-05,325,2,F,0C0001C0325BA,F,
2408M,22830,B330,N,13,2408M-05,330,2,F,0C0001D0330BA,F,
2408M,22831,B331,N,13,2408M-05,331,2,F,0C0001D0331BA,F,
2408M,22832,B332,N,13,2408M-05,332,2,F,0C0001D0332BA,F,
2408M,24257,A338,S,10,2408M-05,338,1,F,0C0001E0338AA,F,
2408M,24256,B338,S,80,2408M-05,338,2,F,0C0001E0338BA,F,
2408M,24478,A339,N,8,2408M-05,339,1,F,0C0001E0339AA,F,
2408M,24389,oldalszam_06,N,2,2408M-06,1,0,T,0DXXXXB001A,F,
2408M,24258,adozo_adoszam_06,S,11,2408M-06,2,0,T,0DXXXXB002A,F,
2408M,24259,adozo_adoazonosito_jel_06,S,10,2408M-06,3,0,T,0DXXXXB003A,F,
2408M,24260,adoazonosito_jel_06,S,10,2408M-06,4,0,T,0DXXXXB004A,F,
2408M,24261,adoszam_06,S,11,2408M-06,5,0,T,0DXXXXB005A,F,
2408M,24262,csaladi_titulus_06,S,11,2408M-06,6,0,T,0DXXXXB006A,F,
2408M,24263,csaladi_vnev_06,S,40,2408M-06,7,0,T,0DXXXXB007A,F,
2408M,24264,csaladi_knev_06,S,40,2408M-06,8,0,T,0DXXXXB008A,F,
2408M,24964,A341,S,2,2408M-06,341,1,T,0DXXXXC0341AA,F,
2408M,24962,A342,S,2,2408M-06,342,1,T,0DXXXXC0342AA,F,
2408M,25286,A343,S,2,2408M-06,343,1,T,0DXXXXC0343AA,F,
2408M,25284,A344,S,2,2408M-06,344,1,T,0DXXXXC0344AA,F,
2408M,24461,A345,S,1,2408M-06,345,1,T,0DXXXXC0345AA,F,
2408M,24463,A346,S,10,2408M-06,346,1,T,0DXXXXC0346AA,F,
2408M,24462,B346,S,80,2408M-06,346,2,T,0DXXXXC0346BA,F,
2408M,24904,A350,S,1,2408M-06,350,1,T,0DXXXXD0350AA,F,
2408M,24318,B350,S,10,2408M-06,350,2,T,0DXXXXD0350BA,F,
2408M,24319,C350,S,80,2408M-06,350,3,T,0DXXXXD0350CA,F,
2408M,24334,D350,S,1,2408M-06,350,4,T,0DXXXXD0350DA,F,
2408M,24335,E350,S,1,2408M-06,350,5,T,0DXXXXD0350EA,F,
2408M,24905,F350,S,40,2408M-06,350,6,T,0DXXXXD0350FA,F,
2408M,24907,G350,N,8,2408M-06,350,7,T,0DXXXXD0350GA,F,
2408M,24456,H350,N,8,2408M-06,350,8,T,0DXXXXD0350HA,F,
2408M,25288,I350,S,1,2408M-06,350,9,T,0DXXXXD0350IA,F,
2408M,24922,A351,S,1,2408M-06,351,1,T,0DXXXXD0351AA,F,
2408M,24908,B351,S,10,2408M-06,351,2,T,0DXXXXD0351BA,F,
2408M,24909,C351,S,80,2408M-06,351,3,T,0DXXXXD0351CA,F,
2408M,24910,D351,S,1,2408M-06,351,4,T,0DXXXXD0351DA,F,
2408M,24911,E351,S,1,2408M-06,351,5,T,0DXXXXD0351EA,F,
2408M,24923,F351,S,40,2408M-06,351,6,T,0DXXXXD0351FA,F,
2408M,24925,G351,N,8,2408M-06,351,7,T,0DXXXXD0351GA,F,
2408M,24912,H351,N,8,2408M-06,351,8,T,0DXXXXD0351HA,F,
2408M,25289,I351,S,1,2408M-06,351,9,T,0DXXXXD0351IA,F,
2408M,24940,A352,S,1,2408M-06,352,1,T,0DXXXXD0352AA,F,
2408M,24926,B352,S,10,2408M-06,352,2,T,0DXXXXD0352BA,F,
2408M,24927,C352,S,80,2408M-06,352,3,T,0DXXXXD0352CA,F,
2408M,24928,D352,S,1,2408M-06,352,4,T,0DXXXXD0352DA,F,
2408M,24929,E352,S,1,2408M-06,352,5,T,0DXXXXD0352EA,F,
2408M,24941,F352,S,40,2408M-06,352,6,T,0DXXXXD0352FA,F,
2408M,24943,G352,N,8,2408M-06,352,7,T,0DXXXXD0352GA,F,
2408M,24930,H352,N,8,2408M-06,352,8,T,0DXXXXD0352HA,F,
2408M,25290,I352,S,1,2408M-06,352,9,T,0DXXXXD0352IA,F,
2408M,24958,A353,S,1,2408M-06,353,1,T,0DXXXXD0353AA,F,
2408M,24944,B353,S,10,2408M-06,353,2,T,0DXXXXD0353BA,F,
2408M,24945,C353,S,80,2408M-06,353,3,T,0DXXXXD0353CA,F,
2408M,24946,D353,S,1,2408M-06,353,4,T,0DXXXXD0353DA,F,
2408M,24947,E353,S,1,2408M-06,353,5,T,0DXXXXD0353EA,F,
2408M,24959,F353,S,40,2408M-06,353,6,T,0DXXXXD0353FA,F,
2408M,24961,G353,N,8,2408M-06,353,7,T,0DXXXXD0353GA,F,
2408M,24948,H353,N,8,2408M-06,353,8,T,0DXXXXD0353HA,F,
2408M,25291,I353,S,1,2408M-06,353,9,T,0DXXXXD0353IA,F,
2408M,22393,adozo_adoszam_07,S,11,2408M-07,1,0,F,0E0001B001A,F,
2408M,22394,adozo_adoazonosito_jel_07,S,10,2408M-07,2,0,F,0E0001B002A,F,
2408M,22395,adoazonosito_jel_07,S,10,2408M-07,3,0,F,0E0001B003A,F,
2408M,22396,adoszam_07,S,11,2408M-07,4,0,F,0E0001B004A,F,
2408M,22397,csaladi_titulus_07,S,11,2408M-07,5,0,F,0E0001B005A,F,
2408M,22398,csaladi_vnev_07,S,40,2408M-07,6,0,F,0E0001B006A,F,
2408M,22399,csaladi_knev_07,S,40,2408M-07,7,0,F,0E0001B007A,F,
2408M,25155,jelolje_Xel_07,L,1,2408M-07,1,0,F,0E0001C001A,F,
2408M,14132,B360,N,11,2408M-07,360,2,F,0E0001D0360BA,F,
2408M,14133,B361,N,11,2408M-07,361,2,F,0E0001D0361BA,F,
2408M,14134,B362,N,11,2408M-07,362,2,F,0E0001D0362BA,F,
2408M,14136,B363,N,11,2408M-07,363,2,F,0E0001D0363BA,F,
2408M,14413,C363,N,11,2408M-07,363,3,F,0E0001D0363CA,F,
2408M,14406,D363,N,11,2408M-07,363,4,F,0E0001D0363DA,F,
2408M,14407,E363,N,11,2408M-07,363,5,F,0E0001D0363EA,F,
2408M,25114,A364,N,11,2408M-07,364,1,F,0E0001D0364AA,F,
2408M,14144,B364,N,11,2408M-07,364,2,F,0E0001D0364BA,F,
2408M,14145,D364,N,11,2408M-07,364,4,F,0E0001D0364DA,F,
2408M,14146,E364,N,11,2408M-07,364,5,F,0E0001D0364EA,F,
2408M,25115,A365,N,11,2408M-07,365,1,F,0E0001D0365AA,F,
2408M,24580,B365,N,11,2408M-07,365,2,F,0E0001D0365BA,F,
2408M,24581,D365,N,11,2408M-07,365,4,F,0E0001D0365DA,F,
2408M,24582,E365,N,11,2408M-07,365,5,F,0E0001D0365EA,F,
2408M,14147,B366,N,11,2408M-07,366,2,F,0E0001D0366BA,F,
2408M,14148,D366,N,11,2408M-07,366,4,F,0E0001D0366DA,F,
2408M,14149,E366,N,11,2408M-07,366,5,F,0E0001D0366EA,F,
2408M,14153,B367,N,11,2408M-07,367,2,F,0E0001D0367BA,F,
2408M,14160,C367,N,11,2408M-07,367,3,F,0E0001D0367CA,F,
2408M,14154,D367,N,11,2408M-07,367,4,F,0E0001D0367DA,F,
2408M,14155,E367,N,11,2408M-07,367,5,F,0E0001D0367EA,F,
2408M,14159,B368,N,11,2408M-07,368,2,F,0E0001D0368BA,F,
2408M,14164,C368,N,11,2408M-07,368,3,F,0E0001D0368CA,F,
2408M,14161,D368,N,11,2408M-07,368,4,F,0E0001D0368DA,F,
2408M,14162,E368,N,11,2408M-07,368,5,F,0E0001D0368EA,F,
2408M,14169,B369,N,15,2408M-07,369,2,F,0E0001D0369BA,F,
2408M,14170,C369,N,15,2408M-07,369,3,F,0E0001D0369CA,F,
2408M,14171,D369,N,15,2408M-07,369,4,F,0E0001D0369DA,F,
2408M,14172,E369,N,15,2408M-07,369,5,F,0E0001D0369EA,F,
2408M,24607,A385,N,10,2408M-07,385,1,F,0E0001E0385AA,F,
2408M,23606,C385,N,11,2408M-07,385,3,F,0E0001E0385CA,F,
2408M,24608,A386,N,10,2408M-07,386,1,F,0E0001E0386AA,F,
2408M,23607,C386,N,11,2408M-07,386,3,F,0E0001E0386CA,F,
2408M,24801,A396,N,11,2408M-07,396,1,F,0E0001F0396AA,F,
2408M,24802,A397,N,11,2408M-07,397,1,F,0E0001F0397AA,F,
2408M,24803,A398,N,11,2408M-07,398,1,F,0E0001F0398AA,F,
2408M,24819,A399,N,11,2408M-07,399,1,F,0E0001F0399AA,F,
2408M,24820,A400,N,11,2408M-07,400,1,F,0E0001F0400AA,F,
2408M,24804,A401,N,11,2408M-07,401,1,F,0E0001F0401AA,F,
2408M,24805,A402,S,1,2408M-07,402,1,F,0E0001F0402AA,F,
2408M,24806,B402,S,1,2408M-07,402,2,F,0E0001F0402BA,F,
2408M,24807,C402,S,1,2408M-07,402,3,F,0E0001F0402CA,F,
2408M,24808,D402,S,1,2408M-07,402,4,F,0E0001F0402DA,F,
2408M,24809,E402,S,1,2408M-07,402,5,F,0E0001F0402EA,F,
2408M,24810,F402,S,1,2408M-07,402,6,F,0E0001F0402FA,F,
2408M,24818,G402,S,1,2408M-07,402,7,F,0E0001F0402GA,F,
2408M,24817,A403,N,11,2408M-07,403,1,F,0E0001F0403AA,F,
2408M,24812,A404,N,11,2408M-07,404,1,F,0E0001F0404AA,F,
2408M,24813,A405,N,11,2408M-07,405,1,F,0E0001F0405AA,F,
2408M,24814,A406,N,11,2408M-07,406,1,F,0E0001F0406AA,F,
2408M,24815,A407,N,11,2408M-07,407,1,F,0E0001F0407AA,F,
2408M,24816,A408,N,11,2408M-07,408,1,F,0E0001F0408AA,F,
2408M,24811,A409,N,11,2408M-07,409,1,F,0E0001F0409AA,F,
2408M,25398,A410,N,11,2408M-07,410,1,F,0E0001F0410AA,F,
2408M,15817,oldalszam_08,N,2,2408M-08,1,0,T,0FXXXXB001A,F,
2408M,15816,adozo_adoszam_08,S,11,2408M-08,2,0,T,0FXXXXB002A,F,
2408M,15820,adozo_adoazonosito_jel_08,S,10,2408M-08,3,0,T,0FXXXXB003A,F,
2408M,15819,adoazonosito_jel_08,S,10,2408M-08,4,0,T,0FXXXXB004A,F,
2408M,15818,adoszam_08,S,11,2408M-08,5,0,T,0FXXXXB005A,F,
2408M,17070,csaladi_titulus_08,S,11,2408M-08,6,0,T,0FXXXXB006A,F,
2408M,17068,csaladi_vnev_08,S,40,2408M-08,7,0,T,0FXXXXB007A,F,
2408M,17069,csaladi_knev_08,S,40,2408M-08,8,0,T,0FXXXXB008A,F,
2408M,16494,biztositastol_08,N,8,2408M-08,1,0,T,0FXXXXC001A,F,
2408M,16495,biztositasig_08,N,8,2408M-08,2,0,T,0FXXXXC002A,F,
2408M,16496,alkminnykod_08,S,2,2408M-08,3,0,T,0FXXXXC003A,F,
2408M,16497,alkminkod_08,S,3,2408M-08,4,0,T,0FXXXXC004A,F,
2408M,16498,jogviszonytol_08,S,6,2408M-08,5,0,T,0FXXXXC005A,F,
2408M,16499,jogviszonysrsz_08,S,3,2408M-08,6,0,T,0FXXXXC006A,F,
2408M,25091,08_tbj_27,S,1,2408M-08,7,0,T,0FXXXXC007A,F,
2408M,24600,08_nem_biztosított,L,1,2408M-08,8,0,T,0FXXXXC008A,F,
2408M,25161,08_Art1_11,L,1,2408M-08,9,0,T,0FXXXXC009A,F,
2408M,13653,A520,S,4,2408M-08,520,1,T,0FXXXXD0520AA,F,
2408M,13654,B520,N,8,2408M-08,520,2,T,0FXXXXD0520BA,F,
2408M,13655,C520,N,8,2408M-08,520,3,T,0FXXXXD0520CA,F,
2408M,14246,A521,S,4,2408M-08,521,1,T,0FXXXXD0521AA,F,
2408M,14247,B521,N,8,2408M-08,521,2,T,0FXXXXD0521BA,F,
2408M,14248,C521,N,8,2408M-08,521,3,T,0FXXXXD0521CA,F,
2408M,13656,A522,S,4,2408M-08,522,1,T,0FXXXXD0522AA,F,
2408M,13657,B522,N,8,2408M-08,522,2,T,0FXXXXD0522BA,F,
2408M,13658,C522,N,8,2408M-08,522,3,T,0FXXXXD0522CA,F,
2408M,13659,A523,N,2,2408M-08,523,1,T,0FXXXXD0523AA,F,
2408M,13660,B523,N,8,2408M-08,523,2,T,0FXXXXD0523BA,F,
2408M,13661,C523,N,8,2408M-08,523,3,T,0FXXXXD0523CA,F,
2408M,13662,A524,N,2,2408M-08,524,1,T,0FXXXXD0524AA,F,
2408M,13663,B524,N,8,2408M-08,524,2,T,0FXXXXD0524BA,F,
2408M,13664,C524,N,8,2408M-08,524,3,T,0FXXXXD0524CA,F,
2408M,13665,A525,N,2,2408M-08,525,1,T,0FXXXXD0525AA,F,
2408M,13666,B525,N,8,2408M-08,525,2,T,0FXXXXD0525BA,F,
2408M,13667,C525,N,8,2408M-08,525,3,T,0FXXXXD0525CA,F,
2408M,13668,A526,S,2,2408M-08,526,1,T,0FXXXXD0526AA,F,
2408M,13669,B526,N,8,2408M-08,526,2,T,0FXXXXD0526BA,F,
2408M,13670,C526,N,8,2408M-08,526,3,T,0FXXXXD0526CA,F,
2408M,13671,A527,S,2,2408M-08,527,1,T,0FXXXXD0527AA,F,
2408M,13672,B527,N,8,2408M-08,527,2,T,0FXXXXD0527BA,F,
2408M,13673,C527,N,8,2408M-08,527,3,T,0FXXXXD0527CA,F,
2408M,13674,A528,S,2,2408M-08,528,1,T,0FXXXXD0528AA,F,
2408M,13675,B528,N,8,2408M-08,528,2,T,0FXXXXD0528BA,F,
2408M,13676,C528,N,8,2408M-08,528,3,T,0FXXXXD0528CA,F,
2408M,13677,A529,S,2,2408M-08,529,1,T,0FXXXXD0529AA,F,
2408M,13678,B529,N,8,2408M-08,529,2,T,0FXXXXD0529BA,F,
2408M,13679,C529,N,8,2408M-08,529,3,T,0FXXXXD0529CA,F,
2408M,13680,A530,S,2,2408M-08,530,1,T,0FXXXXD0530AA,F,
2408M,13681,B530,N,8,2408M-08,530,2,T,0FXXXXD0530BA,F,
2408M,13682,C530,N,8,2408M-08,530,3,T,0FXXXXD0530CA,F,
2408M,13683,A531,S,2,2408M-08,531,1,T,0FXXXXD0531AA,F,
2408M,13684,B531,N,8,2408M-08,531,2,T,0FXXXXD0531BA,F,
2408M,13685,C531,N,8,2408M-08,531,3,T,0FXXXXD0531CA,F,
2408M,13686,A532,S,2,2408M-08,532,1,T,0FXXXXD0532AA,F,
2408M,13687,B532,N,8,2408M-08,532,2,T,0FXXXXD0532BA,F,
2408M,13688,C532,N,8,2408M-08,532,3,T,0FXXXXD0532CA,F,
2408M,13689,A533,S,2,2408M-08,533,1,T,0FXXXXD0533AA,F,
2408M,13690,B533,N,8,2408M-08,533,2,T,0FXXXXD0533BA,F,
2408M,13691,C533,N,8,2408M-08,533,3,T,0FXXXXD0533CA,F,
2408M,13692,A534,S,2,2408M-08,534,1,T,0FXXXXD0534AA,F,
2408M,13693,B534,N,8,2408M-08,534,2,T,0FXXXXD0534BA,F,
2408M,13694,C534,N,8,2408M-08,534,3,T,0FXXXXD0534CA,F,
2408M,13695,A535,S,2,2408M-08,535,1,T,0FXXXXD0535AA,F,
2408M,13696,B535,N,8,2408M-08,535,2,T,0FXXXXD0535BA,F,
2408M,13697,C535,N,8,2408M-08,535,3,T,0FXXXXD0535CA,F,
2408M,13698,A536,S,2,2408M-08,536,1,T,0FXXXXD0536AA,F,
2408M,13699,B536,N,8,2408M-08,536,2,T,0FXXXXD0536BA,F,
2408M,13700,C536,N,8,2408M-08,536,3,T,0FXXXXD0536CA,F,
2408M,15423,A537,S,2,2408M-08,537,1,T,0FXXXXD0537AA,F,
2408M,15424,B537,N,8,2408M-08,537,2,T,0FXXXXD0537BA,F,
2408M,15425,C537,N,8,2408M-08,537,3,T,0FXXXXD0537CA,F,
2408M,15426,A538,S,2,2408M-08,538,1,T,0FXXXXD0538AA,F,
2408M,15427,B538,N,8,2408M-08,538,2,T,0FXXXXD0538BA,F,
2408M,15428,C538,N,8,2408M-08,538,3,T,0FXXXXD0538CA,F,
2408M,13714,B539,N,4,2408M-08,539,2,T,0FXXXXD0539BA,F,
2408M,13715,B540,S,1,2408M-08,540,2,T,0FXXXXD0540BA,F,
2408M,20127,B541,N,8,2408M-08,541,2,T,0FXXXXD0541BA,F,
2408M,24198,B542,N,8,2408M-08,542,2,T,0FXXXXD0542BA,F,
2408M,24207,C542,N,8,2408M-08,542,3,T,0FXXXXD0542CA,F,
2408M,24208,B543,N,8,2408M-08,543,2,T,0FXXXXD0543BA,F,
2408M,24209,C543,N,8,2408M-08,543,3,T,0FXXXXD0543CA,F,
2408M,24972,B544,N,8,2408M-08,544,2,T,0FXXXXD0544BA,F,
2408M,24973,C544,N,8,2408M-08,544,3,T,0FXXXXD0544CA,F,
2408M,22428,oldalszam_09,N,2,2408M-09,1,0,T,0GXXXXB001A,F,
2408M,22429,adozo_adoszam_09,S,11,2408M-09,2,0,T,0GXXXXB002A,F,
2408M,22430,adozo_adoazonosito_jel_09,S,10,2408M-09,3,0,T,0GXXXXB003A,F,
2408M,22431,adoazonosito_jel_09,S,10,2408M-09,4,0,T,0GXXXXB004A,F,
2408M,22432,adoszam_09,S,11,2408M-09,5,0,T,0GXXXXB005A,F,
2408M,22433,csaladi_titulus_09,S,11,2408M-09,6,0,T,0GXXXXB006A,F,
2408M,22434,csaladi_vnev_09,S,40,2408M-09,7,0,T,0GXXXXB007A,F,
2408M,22435,csaladi_knev_09,S,40,2408M-09,8,0,T,0GXXXXB008A,F,
2408M,22436,biztositastol_09,N,8,2408M-09,1,0,T,0GXXXXC001A,F,
2408M,22437,biztositasig_09,N,8,2408M-09,2,0,T,0GXXXXC002A,F,
2408M,22438,alkminnykod_09,S,2,2408M-09,3,0,T,0GXXXXC003A,F,
2408M,22439,alkminkod_09,S,3,2408M-09,4,0,T,0GXXXXC004A,F,
2408M,22440,jogviszonytol_09,S,6,2408M-09,5,0,T,0GXXXXC005A,F,
2408M,22441,jogviszonysrsz_09,S,3,2408M-09,6,0,T,0GXXXXC006A,F,
2408M,22456,jarulekkedvezmeny_09,S,1,2408M-09,7,0,T,0GXXXXC007A,F,
2408M,24177,C560,N,11,2408M-09,560,3,T,0GXXXXD0560CA,F,
2408M,24178,C561,N,11,2408M-09,561,3,T,0GXXXXD0561CA,F,
2408M,24179,C562,N,11,2408M-09,562,3,T,0GXXXXD0562CA,F,
2408M,24180,C563,N,11,2408M-09,563,3,T,0GXXXXD0563CA,F,
2408M,20826,C564,N,11,2408M-09,564,3,T,0GXXXXD0564CA,F,
2408M,20827,A565,S,1,2408M-09,565,1,T,0GXXXXD0565AA,F,
2408M,24181,C565,N,11,2408M-09,565,3,T,0GXXXXD0565CA,F,
2408M,24182,C566,N,11,2408M-09,566,3,T,0GXXXXD0566CA,F,
2408M,20828,C567,N,11,2408M-09,567,3,T,0GXXXXD0567CA,F,
2408M,20829,C568,N,11,2408M-09,568,3,T,0GXXXXD0568CA,F,
2408M,20830,A569,S,1,2408M-09,569,1,T,0GXXXXD0569AA,F,
2408M,24183,C569,N,11,2408M-09,569,3,T,0GXXXXD0569CA,F,
2408M,24184,C570,N,11,2408M-09,570,3,T,0GXXXXD0570CA,F,
2408M,20831,C571,N,11,2408M-09,571,3,T,0GXXXXD0571CA,F,
2408M,20832,C572,N,11,2408M-09,572,3,T,0GXXXXD0572CA,F,
2408M,20833,A573,S,1,2408M-09,573,1,T,0GXXXXD0573AA,F,
2408M,20834,C573,N,11,2408M-09,573,3,T,0GXXXXD0573CA,F,
2408M,20596,C574,N,11,2408M-09,574,3,T,0GXXXXD0574CA,F,
2408M,20597,C575,N,11,2408M-09,575,3,T,0GXXXXD0575CA,F,
2408M,20598,C576,N,11,2408M-09,576,3,T,0GXXXXD0576CA,F,
2408M,20599,A577,S,1,2408M-09,577,1,T,0GXXXXD0577AA,F,
2408M,24185,C577,N,11,2408M-09,577,3,T,0GXXXXD0577CA,F,
2408M,24186,C578,N,11,2408M-09,578,3,T,0GXXXXD0578CA,F,
2408M,20600,C579,N,11,2408M-09,579,3,T,0GXXXXD0579CA,F,
2408M,24134,oldalszam_0901,N,2,2408M-09-01,1,0,T,0HXXXXB001A,F,
2408M,24135,adozo_adoszam_0901,S,11,2408M-09-01,2,0,T,0HXXXXB002A,F,
2408M,24136,adozo_adoazonosito_jel_0901,S,10,2408M-09-01,3,0,T,0HXXXXB003A,F,
2408M,24137,adoazonosito_jel_0901,S,10,2408M-09-01,4,0,T,0HXXXXB004A,F,
2408M,24138,adoszam_0901,S,11,2408M-09-01,5,0,T,0HXXXXB005A,F,
2408M,24139,csaladi_titulus_0901,S,11,2408M-09-01,6,0,T,0HXXXXB006A,F,
2408M,24140,csaladi_vnev_0901,S,40,2408M-09-01,7,0,T,0HXXXXB007A,F,
2408M,24141,csaladi_knev_0901,S,40,2408M-09-01,8,0,T,0HXXXXB008A,F,
2408M,24157,biztositastol_0901,N,8,2408M-09-01,1,0,T,0HXXXXC001A,F,
2408M,24158,biztositasig_0901,N,8,2408M-09-01,2,0,T,0HXXXXC002A,F,
2408M,24159,alkminnykod_0901,S,2,2408M-09-01,3,0,T,0HXXXXC003A,F,
2408M,24160,alkminkod_0901,S,3,2408M-09-01,4,0,T,0HXXXXC004A,F,
2408M,24161,jogviszonytol_0901,S,6,2408M-09-01,5,0,T,0HXXXXC005A,F,
2408M,24162,jogviszonysrsz_0901,S,3,2408M-09-01,6,0,T,0HXXXXC006A,F,
2408M,24163,kifizetohely_0901,S,1,2408M-09-01,7,0,T,0HXXXXC007A,F,
2408M,24188,jarulekkedvezmeny_0901,S,1,2408M-09-01,8,0,T,0HXXXXC008A,F,
2408M,24205,C598,N,11,2408M-09-01,598,3,T,0HXXXXD0598CA,F,
2408M,24204,C599,N,11,2408M-09-01,599,3,T,0HXXXXD0599CA,F,
2408M,24169,C600,N,11,2408M-09-01,600,3,T,0HXXXXD0600CA,F,
2408M,24170,C601,N,11,2408M-09-01,601,3,T,0HXXXXD0601CA,F,
2408M,24189,C602,N,11,2408M-09-01,602,3,T,0HXXXXD0602CA,F,
2408M,24190,A603,S,1,2408M-09-01,603,1,T,0HXXXXD0603AA,F,
2408M,24193,C603,N,11,2408M-09-01,603,3,T,0HXXXXD0603CA,F,
2408M,24194,C604,N,11,2408M-09-01,604,3,T,0HXXXXD0604CA,F,
2408M,24191,C605,N,11,2408M-09-01,605,3,T,0HXXXXD0605CA,F,
2408M,24192,C612,N,11,2408M-09-01,612,3,T,0HXXXXD0612CA,F,
2408M,25043,oldalszam_0902,N,2,2408M-09-02,1,0,T,0IXXXXB001A,F,
2408M,25044,adozo_adoszam_0902,S,11,2408M-09-02,2,0,T,0IXXXXB002A,F,
2408M,25045,adozo_adoazonosito_jel_0902,S,10,2408M-09-02,3,0,T,0IXXXXB003A,F,
2408M,25046,adoazonosito_jel_0902,S,10,2408M-09-02,4,0,T,0IXXXXB004A,F,
2408M,25047,adoszam_0902,S,11,2408M-09-02,5,0,T,0IXXXXB005A,F,
2408M,25048,csaladi_titulus_0902,S,11,2408M-09-02,6,0,T,0IXXXXB006A,F,
2408M,25049,csaladi_vnev_0902,S,40,2408M-09-02,7,0,T,0IXXXXB007A,F,
2408M,25050,csaladi_knev_0902,S,40,2408M-09-02,8,0,T,0IXXXXB008A,F,
2408M,25072,biztositastol_0902,N,8,2408M-09-02,1,0,T,0IXXXXC001A,F,
2408M,25073,biztositasig_0902,N,8,2408M-09-02,2,0,T,0IXXXXC002A,F,
2408M,25074,alkminnykod_0902,S,2,2408M-09-02,3,0,T,0IXXXXC003A,F,
2408M,25075,alkminkod_0902,S,3,2408M-09-02,4,0,T,0IXXXXC004A,F,
2408M,25076,jogviszonytol_0902,S,6,2408M-09-02,5,0,T,0IXXXXC005A,F,
2408M,25077,jogviszonysrsz_0902,S,3,2408M-09-02,6,0,T,0IXXXXC006A,F,
2408M,25081,jarulekkedvezmeny_0902,S,1,2408M-09-02,7,0,T,0IXXXXC007A,F,
2408M,25023,A615,N,11,2408M-09-02,615,1,T,0IXXXXD0615AA,F,
2408M,25015,C615,N,11,2408M-09-02,615,3,T,0IXXXXD0615CA,F,
2408M,25020,C616,N,11,2408M-09-02,616,3,T,0IXXXXD0616CA,F,
2408M,25031,C617,N,11,2408M-09-02,617,3,T,0IXXXXD0617CA,F,
2408M,25032,C618,N,11,2408M-09-02,618,3,T,0IXXXXD0618CA,F,
2408M,25021,A619,S,1,2408M-09-02,619,1,T,0IXXXXD0619AA,F,
2408M,25022,C619,N,11,2408M-09-02,619,3,T,0IXXXXD0619CA,F,
2408M,25024,C620,N,11,2408M-09-02,620,3,T,0IXXXXD0620CA,F,
2408M,25025,C621,N,11,2408M-09-02,621,3,T,0IXXXXD0621CA,F,
2408M,25026,C622,N,11,2408M-09-02,622,3,T,0IXXXXD0622CA,F,
2408M,25027,C623,N,11,2408M-09-02,623,3,T,0IXXXXD0623CA,F,
2408M,25019,C626,N,11,2408M-09-02,626,3,T,0IXXXXD0626CA,F,
2408M,25033,C627,N,11,2408M-09-02,627,3,T,0IXXXXD0627CA,F,
2408M,25028,C628,N,11,2408M-09-02,628,3,T,0IXXXXD0628CA,F,
2408M,25016,A629,S,1,2408M-09-02,629,1,T,0IXXXXD0629AA,F,
2408M,25017,C629,N,11,2408M-09-02,629,3,T,0IXXXXD0629CA,F,
2408M,25018,C630,N,11,2408M-09-02,630,3,T,0IXXXXD0630CA,F,
2408M,25034,C631,N,11,2408M-09-02,631,3,T,0IXXXXD0631CA,F,
2408M,25035,C632,N,11,2408M-09-02,632,3,T,0IXXXXD0632CA,F,
2408M,25029,C633,N,11,2408M-09-02,633,3,T,0IXXXXD0633CA,F,
2408M,25088,C634,N,11,2408M-09-02,634,3,T,0IXXXXD0634CA,F,
2408M,25039,C640,N,11,2408M-09-02,640,3,T,0IXXXXD0640CA,F,
2408M,25042,C641,N,11,2408M-09-02,641,3,T,0IXXXXD0641CA,F,
2408M,25040,C642,N,11,2408M-09-02,642,3,T,0IXXXXD0642CA,F,
2408M,25036,A643,S,1,2408M-09-02,643,1,T,0IXXXXD0643AA,F,
2408M,25037,C643,N,11,2408M-09-02,643,3,T,0IXXXXD0643CA,F,
2408M,22457,oldalszam_10,N,2,2408M-10,1,0,T,0JXXXXB001A,F,
2408M,22458,adozo_adoszam_10,S,11,2408M-10,2,0,T,0JXXXXB002A,F,
2408M,22459,adozo_adoazonosito_jel_10,S,10,2408M-10,3,0,T,0JXXXXB003A,F,
2408M,22460,adoazonosito_jel_10,S,10,2408M-10,4,0,T,0JXXXXB004A,F,
2408M,22461,adoszam_10,S,11,2408M-10,5,0,T,0JXXXXB005A,F,
2408M,22462,csaladi_titulus_10,S,11,2408M-10,6,0,T,0JXXXXB006A,F,
2408M,22463,csaladi_vnev_10,S,40,2408M-10,7,0,T,0JXXXXB007A,F,
2408M,22464,csaladi_knev_10,S,40,2408M-10,8,0,T,0JXXXXB008A,F,
2408M,22465,biztositastol_10,N,8,2408M-10,1,0,T,0JXXXXC001A,F,
2408M,22466,biztositasig_10,N,8,2408M-10,2,0,T,0JXXXXC002A,F,
2408M,22467,alkminnykod_10,S,2,2408M-10,3,0,T,0JXXXXC003A,F,
2408M,22468,alkminkod_10,S,3,2408M-10,4,0,T,0JXXXXC004A,F,
2408M,22469,jogviszonytol_10,S,6,2408M-10,5,0,T,0JXXXXC005A,F,
2408M,22470,jogviszonysrsz_10,S,3,2408M-10,6,0,T,0JXXXXC006A,F,
2408M,23590,ekho_ertekhatar_10,S,1,2408M-10,7,0,T,0JXXXXC007A,F,
2408M,24110,ekho_jelolje_10,L,1,2408M-10,8,0,T,0JXXXXC008A,F,
2408M,24583,sportoló_jelölése_10,L,1,2408M-10,9,0,T,0JXXXXC009A,F,
2408M,16600,A650,N,11,2408M-10,650,1,T,0JXXXXD0650AA,F,
2408M,15920,C650,N,11,2408M-10,650,3,T,0JXXXXD0650CA,F,
2408M,16601,A651,N,11,2408M-10,651,1,T,0JXXXXD0651AA,F,
2408M,15936,C651,N,11,2408M-10,651,3,T,0JXXXXD0651CA,F,
2408M,16602,A652,N,11,2408M-10,652,1,T,0JXXXXD0652AA,F,
2408M,15923,C652,N,11,2408M-10,652,3,T,0JXXXXD0652CA,F,
2408M,16603,A653,N,11,2408M-10,653,1,T,0JXXXXD0653AA,F,
2408M,15935,C653,N,13,2408M-10,653,3,T,0JXXXXD0653CA,F,
2408M,15924,C654,N,11,2408M-10,654,3,T,0JXXXXD0654CA,F,
2408M,25084,C655,N,11,2408M-10,655,3,T,0JXXXXD0655CA,F,
2408M,22486,oldalszam_11,N,2,2408M-11,1,0,T,0KXXXXB001A,F,
2408M,22487,adozo_adoszam_11,S,11,2408M-11,2,0,T,0KXXXXB002A,F,
2408M,22488,adozo_adoazonosito_jel_11,S,10,2408M-11,3,0,T,0KXXXXB003A,F,
2408M,22489,adoazonosito_jel_11,S,10,2408M-11,4,0,T,0KXXXXB004A,F,
2408M,22490,adoszam_11,S,11,2408M-11,5,0,T,0KXXXXB005A,F,
2408M,22491,csaladi_titulus_11,S,11,2408M-11,6,0,T,0KXXXXB006A,F,
2408M,22492,csaladi_vnev_11,S,40,2408M-11,7,0,T,0KXXXXB007A,F,
2408M,22493,csaladi_knev_11,S,40,2408M-11,8,0,T,0KXXXXB008A,F,
2408M,22494,biztositastol_11,N,8,2408M-11,1,0,T,0KXXXXC001A,F,
2408M,22495,biztositasig_11,N,8,2408M-11,2,0,T,0KXXXXC002A,F,
2408M,22496,alkminnykod_11,S,2,2408M-11,3,0,T,0KXXXXC003A,F,
2408M,22497,alkminkod_11,S,3,2408M-11,4,0,T,0KXXXXC004A,F,
2408M,22498,jogviszonytol_11,S,6,2408M-11,5,0,T,0KXXXXC005A,F,
2408M,22499,jogviszonysrsz_11,S,3,2408M-11,6,0,T,0KXXXXC006A,F,
2408M,24014,adokedvezmeny_11,S,2,2408M-11,7,0,T,0KXXXXC007A,F,
2408M,23698,A672,N,8,2408M-11,672,1,T,0KXXXXD0672AA,F,
2408M,23699,C672,N,8,2408M-11,672,3,T,0KXXXXD0672CA,F,
2408M,23771,A673,N,9,2408M-11,673,1,T,0KXXXXD0673AA,F,
2408M,23772,C673,N,9,2408M-11,673,3,T,0KXXXXD0673CA,F,
2408M,24015,A674,N,9,2408M-11,674,1,T,0KXXXXD0674AA,F,
2408M,24016,C674,N,9,2408M-11,674,3,T,0KXXXXD0674CA,F,
2408M,24017,A675,N,9,2408M-11,675,1,T,0KXXXXD0675AA,F,
2408M,24018,C675,N,9,2408M-11,675,3,T,0KXXXXD0675CA,F,
2408M,24023,A676,N,9,2408M-11,676,1,T,0KXXXXD0676AA,F,
2408M,24024,C676,N,9,2408M-11,676,3,T,0KXXXXD0676CA,F,
2408M,24025,A677,N,9,2408M-11,677,1,T,0KXXXXD0677AA,F,
2408M,24026,C677,N,9,2408M-11,677,3,T,0KXXXXD0677CA,F,
2408M,24031,A678,N,9,2408M-11,678,1,T,0KXXXXD0678AA,F,
2408M,24032,C678,N,9,2408M-11,678,3,T,0KXXXXD0678CA,F,
2408M,24619,A690,N,8,2408M-11,690,1,T,0KXXXXE0690AA,F,
2408M,24620,C690,N,8,2408M-11,690,3,T,0KXXXXE0690CA,F,
2408M,24623,A691,N,9,2408M-11,691,1,T,0KXXXXE0691AA,F,
2408M,24624,C691,N,9,2408M-11,691,3,T,0KXXXXE0691CA,F,
2408M,24627,A692,N,9,2408M-11,692,1,T,0KXXXXE0692AA,F,
2408M,24628,C692,N,9,2408M-11,692,3,T,0KXXXXE0692CA,F,
2408M,24633,A693,N,9,2408M-11,693,1,T,0KXXXXE0693AA,F,
2408M,24634,C693,N,9,2408M-11,693,3,T,0KXXXXE0693CA,F,
2408M,24637,A694,N,9,2408M-11,694,1,T,0KXXXXE0694AA,F,
2408M,24638,C694,N,9,2408M-11,694,3,T,0KXXXXE0694CA,F,
2408M,22510,oldalszam_12,N,2,2408M-12,1,0,T,0LXXXXB001A,F,
2408M,22511,adozo_adoszam_12,S,11,2408M-12,2,0,T,0LXXXXB002A,F,
2408M,22512,adozo_adoazonosito_jel_12,S,10,2408M-12,3,0,T,0LXXXXB003A,F,
2408M,22513,adoazonosito_jel_12,S,10,2408M-12,4,0,T,0LXXXXB004A,F,
2408M,22514,adoszam_12,S,11,2408M-12,5,0,T,0LXXXXB005A,F,
2408M,22515,csaladi_titulus_12,S,11,2408M-12,6,0,T,0LXXXXB006A,F,
2408M,22516,csaladi_vnev_12,S,40,2408M-12,7,0,T,0LXXXXB007A,F,
2408M,22517,csaladi_knev_12,S,40,2408M-12,8,0,T,0LXXXXB008A,F,
2408M,22520,alkminnykod_12,S,2,2408M-12,1,0,T,0LXXXXC001A,F,
2408M,22521,alkminkod_12,S,3,2408M-12,2,0,T,0LXXXXC002A,F,
2408M,22522,jogviszonytol_12,S,6,2408M-12,3,0,T,0LXXXXC003A,F,
2408M,22523,jogviszonysrsz_12,S,3,2408M-12,4,0,T,0LXXXXC004A,F,
2408M,22524,jelolje_Xel_masik_allamban_12,L,1,2408M-12,5,0,T,0LXXXXC005A,F,
2408M,22031,A700,S,2,2408M-12,700,1,T,0LXXXXD0700AA,F,
2408M,21948,B700,S,4,2408M-12,700,2,T,0LXXXXD0700BA,F,
2408M,21949,C700,S,4,2408M-12,700,3,T,0LXXXXD0700CA,F,
2408M,22237,D700,N,2,2408M-12,700,4,T,0LXXXXD0700DA,F,
2408M,21979,E700,N,11,2408M-12,700,5,T,0LXXXXD0700EA,F,
2408M,21980,F700,N,11,2408M-12,700,6,T,0LXXXXD0700FA,F,
2408M,24216,G700,S,1,2408M-12,700,7,T,0LXXXXD0700GA,F,
2408M,22615,A701,S,2,2408M-12,701,1,T,0LXXXXD0701AA,F,
2408M,22616,B701,S,4,2408M-12,701,2,T,0LXXXXD0701BA,F,
2408M,22617,C701,S,4,2408M-12,701,3,T,0LXXXXD0701CA,F,
2408M,22618,D701,N,2,2408M-12,701,4,T,0LXXXXD0701DA,F,
2408M,22619,E701,N,11,2408M-12,701,5,T,0LXXXXD0701EA,F,
2408M,22620,F701,N,11,2408M-12,701,6,T,0LXXXXD0701FA,F,
2408M,24217,G701,S,1,2408M-12,701,7,T,0LXXXXD0701GA,F,
2408M,22621,A702,S,2,2408M-12,702,1,T,0LXXXXD0702AA,F,
2408M,22622,B702,S,4,2408M-12,702,2,T,0LXXXXD0702BA,F,
2408M,22623,C702,S,4,2408M-12,702,3,T,0LXXXXD0702CA,F,
2408M,22626,D702,N,2,2408M-12,702,4,T,0LXXXXD0702DA,F,
2408M,22624,E702,N,11,2408M-12,702,5,T,0LXXXXD0702EA,F,
2408M,22625,F702,N,11,2408M-12,702,6,T,0LXXXXD0702FA,F,
2408M,24218,G702,S,1,2408M-12,702,7,T,0LXXXXD0702GA,F,
2408M,22627,A703,S,2,2408M-12,703,1,T,0LXXXXD0703AA,F,
2408M,22628,B703,S,4,2408M-12,703,2,T,0LXXXXD0703BA,F,
2408M,22629,C703,S,4,2408M-12,703,3,T,0LXXXXD0703CA,F,
2408M,22632,D703,N,2,2408M-12,703,4,T,0LXXXXD0703DA,F,
2408M,22630,E703,N,11,2408M-12,703,5,T,0LXXXXD0703EA,F,
2408M,22631,F703,N,11,2408M-12,703,6,T,0LXXXXD0703FA,F,
2408M,24219,G703,S,1,2408M-12,703,7,T,0LXXXXD0703GA,F,
2408M,22633,A704,S,2,2408M-12,704,1,T,0LXXXXD0704AA,F,
2408M,22634,B704,S,4,2408M-12,704,2,T,0LXXXXD0704BA,F,
2408M,22635,C704,S,4,2408M-12,704,3,T,0LXXXXD0704CA,F,
2408M,22638,D704,N,2,2408M-12,704,4,T,0LXXXXD0704DA,F,
2408M,22636,E704,N,11,2408M-12,704,5,T,0LXXXXD0704EA,F,
2408M,22637,F704,N,11,2408M-12,704,6,T,0LXXXXD0704FA,F,
2408M,24220,G704,S,1,2408M-12,704,7,T,0LXXXXD0704GA,F,
2408M,22639,A705,S,2,2408M-12,705,1,T,0LXXXXD0705AA,F,
2408M,22640,B705,S,4,2408M-12,705,2,T,0LXXXXD0705BA,F,
2408M,22641,C705,S,4,2408M-12,705,3,T,0LXXXXD0705CA,F,
2408M,22644,D705,N,2,2408M-12,705,4,T,0LXXXXD0705DA,F,
2408M,22642,E705,N,11,2408M-12,705,5,T,0LXXXXD0705EA,F,
2408M,22643,F705,N,11,2408M-12,705,6,T,0LXXXXD0705FA,F,
2408M,24221,G705,S,1,2408M-12,705,7,T,0LXXXXD0705GA,F,
2408M,22645,A706,S,2,2408M-12,706,1,T,0LXXXXD0706AA,F,
2408M,22646,B706,S,4,2408M-12,706,2,T,0LXXXXD0706BA,F,
2408M,22647,C706,S,4,2408M-12,706,3,T,0LXXXXD0706CA,F,
2408M,22650,D706,N,2,2408M-12,706,4,T,0LXXXXD0706DA,F,
2408M,22648,E706,N,11,2408M-12,706,5,T,0LXXXXD0706EA,F,
2408M,22649,F706,N,11,2408M-12,706,6,T,0LXXXXD0706FA,F,
2408M,24222,G706,S,1,2408M-12,706,7,T,0LXXXXD0706GA,F,
2408M,22651,A707,S,2,2408M-12,707,1,T,0LXXXXD0707AA,F,
2408M,22652,B707,S,4,2408M-12,707,2,T,0LXXXXD0707BA,F,
2408M,22653,C707,S,4,2408M-12,707,3,T,0LXXXXD0707CA,F,
2408M,22656,D707,N,2,2408M-12,707,4,T,0LXXXXD0707DA,F,
2408M,22654,E707,N,11,2408M-12,707,5,T,0LXXXXD0707EA,F,
2408M,22655,F707,N,11,2408M-12,707,6,T,0LXXXXD0707FA,F,
2408M,24223,G707,S,1,2408M-12,707,7,T,0LXXXXD0707GA,F,
2408M,22657,A708,S,2,2408M-12,708,1,T,0LXXXXD0708AA,F,
2408M,22658,B708,S,4,2408M-12,708,2,T,0LXXXXD0708BA,F,
2408M,22659,C708,S,4,2408M-12,708,3,T,0LXXXXD0708CA,F,
2408M,22662,D708,N,2,2408M-12,708,4,T,0LXXXXD0708DA,F,
2408M,22660,E708,N,11,2408M-12,708,5,T,0LXXXXD0708EA,F,
2408M,22661,F708,N,11,2408M-12,708,6,T,0LXXXXD0708FA,F,
2408M,24225,G708,S,1,2408M-12,708,7,T,0LXXXXD0708GA,F,
2408M,22663,A709,S,2,2408M-12,709,1,T,0LXXXXD0709AA,F,
2408M,22664,B709,S,4,2408M-12,709,2,T,0LXXXXD0709BA,F,
2408M,22665,C709,S,4,2408M-12,709,3,T,0LXXXXD0709CA,F,
2408M,22668,D709,N,2,2408M-12,709,4,T,0LXXXXD0709DA,F,
2408M,22666,E709,N,11,2408M-12,709,5,T,0LXXXXD0709EA,F,
2408M,22667,F709,N,11,2408M-12,709,6,T,0LXXXXD0709FA,F,
2408M,24224,G709,S,1,2408M-12,709,7,T,0LXXXXD0709GA,F,
2408M,22669,A710,S,2,2408M-12,710,1,T,0LXXXXD0710AA,F,
2408M,22670,B710,S,4,2408M-12,710,2,T,0LXXXXD0710BA,F,
2408M,22671,C710,S,4,2408M-12,710,3,T,0LXXXXD0710CA,F,
2408M,22674,D710,N,2,2408M-12,710,4,T,0LXXXXD0710DA,F,
2408M,22672,E710,N,11,2408M-12,710,5,T,0LXXXXD0710EA,F,
2408M,22673,F710,N,11,2408M-12,710,6,T,0LXXXXD0710FA,F,
2408M,24226,G710,S,1,2408M-12,710,7,T,0LXXXXD0710GA,F,
2408M,22675,A711,S,2,2408M-12,711,1,T,0LXXXXD0711AA,F,
2408M,22676,B711,S,4,2408M-12,711,2,T,0LXXXXD0711BA,F,
2408M,22677,C711,S,4,2408M-12,711,3,T,0LXXXXD0711CA,F,
2408M,22680,D711,N,2,2408M-12,711,4,T,0LXXXXD0711DA,F,
2408M,22678,E711,N,11,2408M-12,711,5,T,0LXXXXD0711EA,F,
2408M,22679,F711,N,11,2408M-12,711,6,T,0LXXXXD0711FA,F,
2408M,24227,G711,S,1,2408M-12,711,7,T,0LXXXXD0711GA,F,
2408M,22681,A712,S,2,2408M-12,712,1,T,0LXXXXD0712AA,F,
2408M,22682,B712,S,4,2408M-12,712,2,T,0LXXXXD0712BA,F,
2408M,22683,C712,S,4,2408M-12,712,3,T,0LXXXXD0712CA,F,
2408M,22686,D712,N,2,2408M-12,712,4,T,0LXXXXD0712DA,F,
2408M,22684,E712,N,11,2408M-12,712,5,T,0LXXXXD0712EA,F,
2408M,22685,F712,N,11,2408M-12,712,6,T,0LXXXXD0712FA,F,
2408M,24228,G712,S,1,2408M-12,712,7,T,0LXXXXD0712GA,F,
2408M,22687,A713,S,2,2408M-12,713,1,T,0LXXXXD0713AA,F,
2408M,22688,B713,S,4,2408M-12,713,2,T,0LXXXXD0713BA,F,
2408M,22689,C713,S,4,2408M-12,713,3,T,0LXXXXD0713CA,F,
2408M,22692,D713,N,2,2408M-12,713,4,T,0LXXXXD0713DA,F,
2408M,22690,E713,N,11,2408M-12,713,5,T,0LXXXXD0713EA,F,
2408M,22691,F713,N,11,2408M-12,713,6,T,0LXXXXD0713FA,F,
2408M,24229,G713,S,1,2408M-12,713,7,T,0LXXXXD0713GA,F,
2408M,22693,A714,S,2,2408M-12,714,1,T,0LXXXXD0714AA,F,
2408M,22694,B714,S,4,2408M-12,714,2,T,0LXXXXD0714BA,F,
2408M,22695,C714,S,4,2408M-12,714,3,T,0LXXXXD0714CA,F,
2408M,22698,D714,N,2,2408M-12,714,4,T,0LXXXXD0714DA,F,
2408M,22696,E714,N,11,2408M-12,714,5,T,0LXXXXD0714EA,F,
2408M,22697,F714,N,11,2408M-12,714,6,T,0LXXXXD0714FA,F,
2408M,24230,G714,S,1,2408M-12,714,7,T,0LXXXXD0714GA,F,
2408M,22699,A715,S,2,2408M-12,715,1,T,0LXXXXD0715AA,F,
2408M,22700,B715,S,4,2408M-12,715,2,T,0LXXXXD0715BA,F,
2408M,22701,C715,S,4,2408M-12,715,3,T,0LXXXXD0715CA,F,
2408M,22704,D715,N,2,2408M-12,715,4,T,0LXXXXD0715DA,F,
2408M,22702,E715,N,11,2408M-12,715,5,T,0LXXXXD0715EA,F,
2408M,22703,F715,N,11,2408M-12,715,6,T,0LXXXXD0715FA,F,
2408M,24231,G715,S,1,2408M-12,715,7,T,0LXXXXD0715GA,F,
2408M,22025,E716,N,13,2408M-12,716,5,T,0LXXXXD0716EA,F,
2408M,22023,F716,N,13,2408M-12,716,6,T,0LXXXXD0716FA,F,
2408M,14339,feor520,S,150,2408M-08,0,0,T,14339,F,
2408M,14340,feor521,S,150,2408M-08,0,0,T,14340,F,
2408M,14344,feor522,S,150,2408M-08,0,0,T,14344,F,
2408M,23140,08db,N,11,2408M-08,0,0,T,23140,F,
2408M,23141,09db,N,11,2408M-09,0,0,T,23141,F,
2408M,23143,10db,N,11,2408M-10,0,0,T,23143,F,
2408M,23145,11db,N,11,2408M-11,0,0,T,23145,F,
2408M,23146,12db,N,11,2408M-12,0,0,T,23146,F,
2408M,23147,04db,N,11,2408M-04,0,0,F,23147,F,
2408M,23148,07db,N,11,2408M-07,0,0,F,23148,F,
2408M,23153,egy,N,15,2408M,0,0,F,23153,F,
2408M,23214,alkmin_09_ossz,S,20,2408M-09,0,0,T,23214,F,
2408M,23216,alkmin_08_ossz,S,20,2408M-08,0,0,T,23216,F,
2408M,23218,alkmin_10_ossz,S,20,2408M-10,0,0,T,23218,F,
2408M,23220,alkmin_11_ossz,S,20,2408M-11,0,0,T,23220,F,
2408M,23221,alkmin_12_ossz,S,20,2408M-12,0,0,T,23221,F,
2408M,23236,H700,N,11,2408M-12,700,8,T,23236,F,
2408M,23237,H701,N,11,2408M-12,701,8,T,23237,F,
2408M,23238,H702,N,11,2408M-12,702,8,T,23238,F,
2408M,23239,H703,N,11,2408M-12,703,8,T,23239,F,
2408M,23240,H704,N,11,2408M-12,704,8,T,23240,F,
2408M,23241,H705,N,11,2408M-12,705,8,T,23241,F,
2408M,23242,H706,N,11,2408M-12,706,8,T,23242,F,
2408M,23243,H707,N,11,2408M-12,707,8,T,23243,F,
2408M,23244,H708,N,11,2408M-12,708,8,T,23244,F,
2408M,23245,H709,N,11,2408M-12,709,8,T,23245,F,
2408M,23246,H710,N,11,2408M-12,710,8,T,23246,F,
2408M,23247,H711,N,11,2408M-12,711,8,T,23247,F,
2408M,23248,H712,N,11,2408M-12,712,8,T,23248,F,
2408M,23249,H713,N,11,2408M-12,713,8,T,23249,F,
2408M,23250,H714,N,11,2408M-12,714,8,T,23250,F,
2408M,23251,H715,N,11,2408M-12,715,8,T,23251,F,
2408M,23530,06os_07es_napok_osszesen_I_12,N,11,2408M-12,0,0,T,23530,F,
2408M,23541,kivonatolt_adozo_csaladi_nev,S,150,2408M,0,0,F,23541,F,
2408M,23542,kivonatolt_csaladi_nev,S,150,2408M,0,0,F,23542,F,
2408M,23543,kivonatolt_elozo_csaladi_nev,S,150,2408M,0,0,F,23543,F,
2408M,23544,kivonatolt_szul_csaladi_nev,S,150,2408M,0,0,F,23544,F,
2408M,23545,kivonatolt_anyja_csaladi_nev,S,150,2408M,0,0,F,23545,F,
2408M,23547,kivonatolt_szul_ido,S,150,2408M,0,0,F,23547,F,
2408M,23548,kivonatolt_fejlec_nev_04,S,150,2408M-04,0,0,F,23548,F,
2408M,23549,kivonatolt_fejlec_nev_07,S,150,2408M-07,0,0,F,23549,F,
2408M,23553,kivonatolt_fejlec_nev_08,S,150,2408M-08,0,0,T,23553,F,
2408M,23558,kivonatolt_fejlec_nev_09,S,150,2408M-09,0,0,T,23558,F,
2408M,23562,kivonatolt_fejlec_nev_10,S,150,2408M-10,0,0,T,23562,F,
2408M,23568,kivonatolt_fejlec_nev_11,S,150,2408M-11,0,0,T,23568,F,
2408M,23571,kivonatolt_fejlec_nev_12,S,150,2408M-12,0,0,T,23571,F,
2408M,23574,kivonatolt_bevall_ido,S,150,2408M,0,0,F,23574,F,
2408M,23575,kivonatolt_alkmin_kod_08,S,150,2408M-08,0,0,T,23575,F,
2408M,23576,kivonatolt_biz_jogviszony_08,S,150,2408M-08,0,0,T,23576,F,
2408M,23577,kivonatolt_biz_jogviszony_09,S,150,2408M-09,0,0,T,23577,F,
2408M,23578,kivonatolt_alkmin_kod_09,S,150,2408M-09,0,0,T,23578,F,
2408M,23581,kivonatolt_alkmin_kod_10,S,150,2408M-10,0,0,T,23581,F,
2408M,23582,kivonatolt_biz_jogviszony_10,S,150,2408M-10,0,0,T,23582,F,
2408M,23585,kivonatolt_alkmin_kod_11,S,150,2408M-11,0,0,T,23585,F,
2408M,23586,kivonatolt_biz_jogviszony_11,S,150,2408M-11,0,0,T,23586,F,
2408M,23587,kivonatolt_alkmin_kod_12,S,150,2408M-12,0,0,T,23587,F,
2408M,23774,A037_A,N,15,2408M,0,0,F,23774,F,
2408M,23775,A032_A,N,15,2408M,0,0,F,23775,F,
2408M,23776,A033_A,N,15,2408M,0,0,F,23776,F,
2408M,23777,alkminnykod08_A033_M,N,11,2408M-08,0,0,T,23777,F,
2408M,23778,alkminnykod09_A033_M,N,11,2408M-09,0,0,T,23778,F,
2408M,23779,alkminnykod10_A033_M,N,11,2408M-10,0,0,T,23779,F,
2408M,23781,alkminnykod11_A033_M,N,11,2408M-11,0,0,T,23781,F,
2408M,23782,alkminnykod12_A033_M,N,11,2408M-12,0,0,T,23782,F,
2408M,23783,A027_A,S,15,2408M,0,0,F,23783,F,
2408M,23810,10lap_M018,N,11,2408M-10,0,0,T,23810,F,
2408M,23813,12lap_kitoltott_x_M021_M,N,11,2408M-12,0,0,T,23813,F,
2408M,23819,08lap_A245_A,N,11,2408M-08,0,0,T,23819,F,
2408M,23820,09lap_A245_A,N,11,2408M-09,0,0,T,23820,F,
2408M,23821,10lap_A245_A,N,11,2408M-10,0,0,T,23821,F,
2408M,23823,11lap_A245_A,N,11,2408M-11,0,0,T,23823,F,
2408M,23825,09lap_A221_A,N,13,2408M-09,0,0,T,23825,F,
2408M,23884,kivonatolt_adozo_adoszam,S,150,2408M,0,0,F,23884,F,
2408M,23885,kivonatolt_adoszam,S,150,2408M,0,0,F,23885,F,
2408M,23886,kivonatolt_tulaj_adoszam,S,150,2408M,0,0,F,23886,F,
2408M,23887,kivonatolt_csaladi_gazd,S,150,2408M,0,0,F,23887,F,
2408M,23888,kivonatolt_tajszam,S,150,2408M,0,0,F,23888,F,
2408M,23889,kivonatolt_tarsas_adoszam,S,150,2408M,0,0,F,23889,F,
2408M,23890,kivonatolt_adozo_adoszam_04,S,150,2408M-04,0,0,F,23890,F,
2408M,23891,kivonatolt_adozo_adoszam_07,S,150,2408M-07,0,0,F,23891,F,
2408M,23894,kivonatolt_adozo_adoszam_08,S,150,2408M-08,0,0,T,23894,F,
2408M,23895,kivonatolt_adozo_adoszam_09,S,150,2408M-09,0,0,T,23895,F,
2408M,23896,kivonatolt_adozo_adoszam_10,S,150,2408M-10,0,0,T,23896,F,
2408M,23898,kivonatolt_adozo_adoszam_11,S,150,2408M-11,0,0,T,23898,F,
2408M,23899,kivonatolt_adozo_adoszam_12,S,150,2408M-12,0,0,T,23899,F,
2408M,23900,alkminnykod_08_M060_1_M,N,20,2408M-08,0,0,T,23900,F,
2408M,23901,J700,N,11,2408M-12,700,10,T,23901,F,
2408M,23902,J701,N,11,2408M-12,701,10,T,23902,F,
2408M,23903,J702,N,11,2408M-12,702,10,T,23903,F,
2408M,23904,J703,N,11,2408M-12,703,10,T,23904,F,
2408M,23905,J704,N,11,2408M-12,704,10,T,23905,F,
2408M,23906,J705,N,11,2408M-12,705,10,T,23906,F,
2408M,23907,J706,N,11,2408M-12,706,10,T,23907,F,
2408M,23908,J707,N,11,2408M-12,707,10,T,23908,F,
2408M,23909,J708,N,11,2408M-12,708,10,T,23909,F,
2408M,23910,J709,N,11,2408M-12,709,10,T,23910,F,
2408M,23911,J710,N,11,2408M-12,710,10,T,23911,F,
2408M,23912,J711,N,11,2408M-12,711,10,T,23912,F,
2408M,23913,J712,N,11,2408M-12,712,10,T,23913,F,
2408M,23914,J713,N,11,2408M-12,713,10,T,23914,F,
2408M,23915,J714,N,11,2408M-12,714,10,T,23915,F,
2408M,23916,J715,N,11,2408M-12,715,10,T,23916,F,
2408M,23917,K715,N,11,2408M-12,715,11,T,23917,F,
2408M,23918,K714,N,11,2408M-12,714,11,T,23918,F,
2408M,23919,K713,N,11,2408M-12,713,11,T,23919,F,
2408M,23920,K712,N,11,2408M-12,712,11,T,23920,F,
2408M,23921,K711,N,11,2408M-12,711,11,T,23921,F,
2408M,23922,K710,N,11,2408M-12,710,11,T,23922,F,
2408M,23923,K709,N,11,2408M-12,709,11,T,23923,F,
2408M,23924,K708,N,11,2408M-12,708,11,T,23924,F,
2408M,23925,K707,N,11,2408M-12,707,11,T,23925,F,
2408M,23926,K706,N,11,2408M-12,706,11,T,23926,F,
2408M,23927,K705,N,11,2408M-12,705,11,T,23927,F,
2408M,23928,K704,N,11,2408M-12,704,11,T,23928,F,
2408M,23929,K703,N,11,2408M-12,703,11,T,23929,F,
2408M,23930,K702,N,11,2408M-12,702,11,T,23930,F,
2408M,23931,K701,N,11,2408M-12,701,11,T,23931,F,
2408M,23932,K700,N,11,2408M-12,700,11,T,23932,F,
2408M,23933,alkminnykod_08_M060_2_M,N,20,2408M-08,0,0,T,23933,F,
2408M,23934,alkminnykod_09_M060_2_M,N,20,2408M-09,0,0,T,23934,F,
2408M,23935,alkminnykod_09_M060_1_M,N,20,2408M-09,0,0,T,23935,F,
2408M,23936,alkminnykod_10_M060_2_M,N,20,2408M-10,0,0,T,23936,F,
2408M,23937,alkminnykod_10_M060_1_M,N,20,2408M-10,0,0,T,23937,F,
2408M,23940,alkminnykod_11_M060_2_M,N,20,2408M-11,0,0,T,23940,F,
2408M,23941,alkminnykod_11_M060_1_M,N,20,2408M-11,0,0,T,23941,F,
2408M,23950,09lap_M173_M,N,13,2408M-09,0,0,T,23950,F,
2408M,23955,08lap_M018,N,11,2408M-08,0,0,T,23955,F,
2408M,24003,kivonatolt_adoszam_04,S,150,2408M-04,0,0,F,24003,F,
2408M,24004,kivonatolt_adoszam_07,S,150,2408M-07,0,0,F,24004,F,
2408M,24007,kivonatolt_adoszam_08,S,150,2408M-08,0,0,T,24007,F,
2408M,24008,kivonatolt_adoszam_09,S,150,2408M-09,0,0,T,24008,F,
2408M,24009,kivonatolt_adoszam_10,S,150,2408M-10,0,0,T,24009,F,
2408M,24011,kivonatolt_adoszam_11,S,150,2408M-11,0,0,T,24011,F,
2408M,24012,kivonatolt_adoszam_12,S,150,2408M-12,0,0,T,24012,F,
2408M,24051,11lap_A220_A,N,11,2408M-11,0,0,T,24051,F,
2408M,24052,I700,N,11,2408M-12,700,9,T,24052,F,
2408M,24053,I701,N,11,2408M-12,701,9,T,24053,F,
2408M,24054,I702,N,11,2408M-12,702,9,T,24054,F,
2408M,24055,I703,N,11,2408M-12,703,9,T,24055,F,
2408M,24056,I704,N,11,2408M-12,704,9,T,24056,F,
2408M,24057,I705,N,11,2408M-12,705,9,T,24057,F,
2408M,24058,I706,N,11,2408M-12,706,9,T,24058,F,
2408M,24059,I707,N,11,2408M-12,707,9,T,24059,F,
2408M,24060,I708,N,11,2408M-12,708,9,T,24060,F,
2408M,24061,I709,N,11,2408M-12,709,9,T,24061,F,
2408M,24062,I710,N,11,2408M-12,710,9,T,24062,F,
2408M,24063,I711,N,11,2408M-12,711,9,T,24063,F,
2408M,24064,I712,N,11,2408M-12,712,9,T,24064,F,
2408M,24065,I713,N,11,2408M-12,713,9,T,24065,F,
2408M,24066,I714,N,11,2408M-12,714,9,T,24066,F,
2408M,24067,I715,N,11,2408M-12,715,9,T,24067,F,
2408M,24068,11lap_A248_A,N,11,2408M-11,0,0,T,24068,F,
2408M,24071,07lap_385_386_A045_A,N,11,2408M-07,0,0,F,24071,F,
2408M,24082,alkminkod08_62_A059_M,N,11,2408M-08,0,0,T,24082,F,
2408M,24083,alkminkod09_62_A059_M,N,11,2408M-09,0,0,T,24083,F,
2408M,24084,alkminkod10_62_A059_M,N,11,2408M-10,0,0,T,24084,F,
2408M,24086,alkminkod11_62_A059_M,N,11,2408M-11,0,0,T,24086,F,
2408M,24087,A059_A,N,15,2408M,0,0,F,24087,F,
2408M,24143,alkminkod0901_62_A059_M,N,11,2408M-09-01,0,0,T,24143,F,
2408M,24144,kivonatolt_adoszam_0901,S,150,2408M-09-01,0,0,T,24144,F,
2408M,24146,kivonatolt_adozo_adoszam_0901,S,150,2408M-09-01,0,0,T,24146,F,
2408M,24147,0901lap_A223_A,N,13,2408M-09-01,0,0,T,24147,F,
2408M,24148,0901lap_A222_A,N,13,2408M-09-01,0,0,T,24148,F,
2408M,24149,0901lap_A221_A,N,13,2408M-09-01,0,0,T,24149,F,
2408M,24150,0901lap_A245_A,N,11,2408M-09-01,0,0,T,24150,F,
2408M,24154,alkminnykod0901_A033_M,N,11,2408M-09-01,0,0,T,24154,F,
2408M,24155,kivonatolt_fejlec_nev_0901,S,150,2408M-09-01,0,0,T,24155,F,
2408M,24156,0901db,N,11,2408M-09-01,0,0,T,24156,F,
2408M,24164,alkminnykod_0901_M060_1_M,N,20,2408M-09-01,0,0,T,24164,F,
2408M,24165,alkminnykod_0901_M060_2_M,N,20,2408M-09-01,0,0,T,24165,F,
2408M,24166,kivonatolt_alkmin_kod_0901,S,150,2408M-09-01,0,0,T,24166,F,
2408M,24167,kivonatolt_biz_jogviszony_0901,S,150,2408M-09-01,0,0,T,24167,F,
2408M,24168,alkmin_0901_ossz,S,20,2408M-09-01,0,0,T,24168,F,
2408M,24206,kitoltott_16_sor_12_M910,N,11,2408M-12,0,0,T,24206,F,
2408M,24235,11lap_A256_A,N,11,2408M-11,0,0,T,24235,F,
2408M,24236,ketto_kod,S,15,2408M,0,0,F,24236,F,
2408M,24237,egy_kod,S,15,2408M,0,0,F,24237,F,
2408M,24239,magán_adósz_8_kar,S,15,2408M,0,0,F,24239,F,
2408M,24240,tulaj_tars_adoszam_8_kar,S,15,2408M,0,0,F,24240,F,
2408M,24243,kitöltött_Tbj_87,N,15,2408M,0,0,F,24243,F,
2408M,24244,kivonatolt_E_blokk,S,150,2408M,0,0,F,24244,F,
2408M,24245,672_690_figyelése_A069_hez,N,11,2408M-11,0,0,T,24245,F,
2408M,24248,A070_hez_B320_értéke,N,11,2408M-05,0,0,F,24248,F,
2408M,24465,06db,N,11,2408M-06,0,0,T,24465,F,
2408M,24467,A258_A,N,15,2408M,0,0,F,24467,F,
2408M,24468,alkminkod08_46_A258_M,N,11,2408M-08,0,0,T,24468,F,
2408M,24469,alkminkod09_46_A258_M175_M,N,11,2408M-09,0,0,T,24469,F,
2408M,24470,alkminkod0901_46_A258_M175_M,N,11,2408M-09-01,0,0,T,24470,F,
2408M,24471,alkminkod10_46_A258_M,N,11,2408M-10,0,0,T,24471,F,
2408M,24473,alkminkod11_46_A258_M,N,11,2408M-11,0,0,T,24473,F,
2408M,24474,alkminkod09_46_C579_A260_M,N,11,2408M-09,0,0,T,24474,F,
2408M,24475,alkminkod0901_46_C605_A260_M,N,11,2408M-09-01,0,0,T,24475,F,
2408M,24476,alkminkod09_46_567C_A261_M,N,11,2408M-09,0,0,T,24476,F,
2408M,24477,alkminkod09_46_C571_A262_M,N,11,2408M-09,0,0,T,24477,F,
2408M,24485,adóazon_eltartott_jogcim_350,S,12,2408M-06,350,0,T,24485,F,
2408M,24488,kitöltött350,N,11,2408M-06,350,0,T,24488,F,
2408M,24491,jogcím_c_d_M217,N,11,2408M-06,0,0,T,24491,F,
2408M,24492,kivonatolt_adozo_adoszam_06,S,150,2408M-06,0,0,T,24492,F,
2408M,24494,kivonatolt_adoszam_06,S,150,2408M-06,0,0,T,24494,F,
2408M,24495,kivonatolt_fejlec_nev_06,S,150,2408M-06,0,0,T,24495,F,
2408M,24496,kivonatolt_Érvényesítés_módja,S,150,2408M-06,0,0,T,24496,F,
2408M,24497,kivonatolt_Közös_érv_másik_fél,S,150,2408M-06,0,0,T,24497,F,
2408M,24499,kivonatolt_eltartott_350,S,150,2408M-06,350,0,T,24499,F,
2408M,24505,kiv_adóazon_350,S,150,2408M-06,350,0,T,24505,F,
2408M,24506,kiv_szül_név_350,S,150,2408M-06,350,0,T,24506,F,
2408M,24509,kiv_eltartott_350,S,150,2408M-06,350,0,T,24509,F,
2408M,24510,kiv_jogos_350,S,150,2408M-06,350,0,T,24510,F,
2408M,24511,kiv_vált_ido_350,S,8,2408M-06,350,0,T,24511,F,
2408M,24530,11lap_A265,N,11,2408M-11,0,0,T,24530,F,
2408M,24571,07_kitöltött_M002,N,11,2408M-07,0,0,F,24571,F,
2408M,24577,adóazon_vált_idõ_350,S,11,2408M-06,350,0,T,24577,F,
2408M,24578,eltartott_0_M221,N,11,2408M-06,0,0,T,24578,F,
2408M,24592,harom_kod,S,15,2408M,0,0,F,24592,F,
2408M,24594,Helyesbítés,S,15,2408M,0,0,F,24594,F,
2408M,24595,Önellenõrzés,S,15,2408M,0,0,F,24595,F,
2408M,24599,11lap_A085,N,11,2408M-11,0,0,T,24599,F,
2408M,24601,adókedv11_18_A266_M,N,11,2408M-11,0,0,T,24601,F,
2408M,24602,adókedv11_19_A267_M,N,11,2408M-11,0,0,T,24602,F,
2408M,24603,adókedv11_23_A268_M,N,11,2408M-11,0,0,T,24603,F,
2408M,24604,adókedv11_25_A269_M,N,11,2408M-11,0,0,T,24604,F,
2408M,24605,08lap_A086,N,11,2408M-08,0,0,T,24605,F,
2408M,24610,alkmin08_M136,N,11,2408M-08,0,0,T,24610,F,
2408M,24611,kitöltött_520_524_M136,N,11,2408M-08,0,0,T,24611,F,
2408M,24612,kitöltött_08_nem_biztosított,N,11,2408M-08,0,0,T,24612,F,
2408M,24613,alkmin09_M136,N,11,2408M-09,0,0,T,24613,F,
2408M,24614,alkmin0901_M136,N,11,2408M-09-01,0,0,T,24614,F,
2408M,24615,alkmin10_M136,N,11,2408M-10,0,0,T,24615,F,
2408M,24617,alkmin11_M136,N,11,2408M-11,0,0,T,24617,F,
2408M,24658,05db,N,11,2408M-05,0,0,F,24658,F,
2408M,24906,kiv_szül_hely_idõ_350,S,150,2408M-06,350,0,T,24906,F,
2408M,24913,adóazon_eltartott_jogcim_351,S,12,2408M-06,351,0,T,24913,F,
2408M,24914,kitöltött351,N,11,2408M-06,351,0,T,24914,F,
2408M,24915,kivonatolt_eltartott_351,S,150,2408M-06,351,0,T,24915,F,
2408M,24916,kiv_adóazon_351,S,150,2408M-06,351,0,T,24916,F,
2408M,24917,kiv_szül_név_351,S,150,2408M-06,351,0,T,24917,F,
2408M,24918,kiv_eltartott_351,S,150,2408M-06,351,0,T,24918,F,
2408M,24919,kiv_jogos_351,S,150,2408M-06,351,0,T,24919,F,
2408M,24920,kiv_vált_ido_351,S,8,2408M-06,351,0,T,24920,F,
2408M,24921,adóazon_vált_idõ_351,S,11,2408M-06,351,0,T,24921,F,
2408M,24924,kiv_szül_hely_idõ_351,S,150,2408M-06,351,0,T,24924,F,
2408M,24931,adóazon_eltartott_jogcim_352,S,12,2408M-06,352,0,T,24931,F,
2408M,24932,kitöltött352,N,11,2408M-06,352,0,T,24932,F,
2408M,24933,kivonatolt_eltartott_352,S,150,2408M-06,352,0,T,24933,F,
2408M,24934,kiv_adóazon_352,S,150,2408M-06,352,0,T,24934,F,
2408M,24935,kiv_szül_név_352,S,150,2408M-06,352,0,T,24935,F,
2408M,24936,kiv_eltartott_352,S,150,2408M-06,352,0,T,24936,F,
2408M,24937,kiv_jogos_352,S,150,2408M-06,352,0,T,24937,F,
2408M,24938,kiv_vált_ido_352,S,8,2408M-06,352,0,T,24938,F,
2408M,24939,adóazon_vált_idõ_352,S,11,2408M-06,352,0,T,24939,F,
2408M,24942,kiv_szül_hely_idõ_352,S,150,2408M-06,352,0,T,24942,F,
2408M,24949,adóazon_eltartott_jogcim_353,S,12,2408M-06,353,0,T,24949,F,
2408M,24950,kitöltött353,N,11,2408M-06,353,0,T,24950,F,
2408M,24951,kivonatolt_eltartott_353,S,150,2408M-06,353,0,T,24951,F,
2408M,24952,kiv_adóazon_353,S,150,2408M-06,353,0,T,24952,F,
2408M,24953,kiv_szül_név_353,S,150,2408M-06,353,0,T,24953,F,
2408M,24954,kiv_eltartott_353,S,150,2408M-06,353,0,T,24954,F,
2408M,24955,kiv_jogos_353,S,150,2408M-06,353,0,T,24955,F,
2408M,24956,kiv_vált_ido_353,S,8,2408M-06,353,0,T,24956,F,
2408M,24957,adóazon_vált_idõ_353,S,11,2408M-06,353,0,T,24957,F,
2408M,24960,kiv_szül_hely_idõ_353,S,150,2408M-06,353,0,T,24960,F,
2408M,24963,kivonatolt_A344,S,150,2408M-06,342,0,T,24963,F,
2408M,24965,kivonatolt_A343,S,150,2408M-06,341,0,T,24965,F,
2408M,24974,kedvezmény_1_3_5,N,11,2408M-06,0,0,T,24974,F,
2408M,24975,kedvezmény_2_3,N,11,2408M-06,0,0,T,24975,F,
2408M,24976,kiv_kedv_350,S,150,2408M-06,350,0,T,24976,F,
2408M,24977,kiv_kedv_351,S,150,2408M-06,350,0,T,24977,F,
2408M,24978,kiv_kedv_352,S,150,2408M-06,350,0,T,24978,F,
2408M,24979,kiv_kedv_353,S,150,2408M-06,350,0,T,24979,F,
2408M,25011,alkmin09_A271,N,11,2408M-11,0,0,T,25011,F,
2408M,25051,0902db,N,11,2408M-09-02,0,0,T,25051,F,
2408M,25053,alkminnykod0902_A033_M,N,11,2408M-09-02,0,0,T,25053,F,
2408M,25056,0902lap_A245_A,N,11,2408M-09-02,0,0,T,25056,F,
2408M,25057,0902lap_A221_A,N,13,2408M-09-02,0,0,T,25057,F,
2408M,25059,0902lap_M173_M,N,13,2408M-09-02,0,0,T,25059,F,
2408M,25061,alkminkod0902_62_A059_M,N,11,2408M-09-02,0,0,T,25061,F,
2408M,25063,alkminkod0902_46_A258_M175_M,N,11,2408M-09-02,0,0,T,25063,F,
2408M,25067,alkmin0902_M136,N,11,2408M-09-02,0,0,T,25067,F,
2408M,25078,alkmin_0902_ossz,S,20,2408M-09-02,0,0,T,25078,F,
2408M,25079,kivonatolt_biz_jogviszony_0902,S,150,2408M-09-02,0,0,T,25079,F,
2408M,25080,kivonatolt_alkmin_kod_0902,S,150,2408M-09-02,0,0,T,25080,F,
2408M,25082,alkminnykod_0902_M060_2_M,N,20,2408M-09-02,0,0,T,25082,F,
2408M,25083,alkminnykod_0902_M060_1_M,N,20,2408M-09-02,0,0,T,25083,F,
2408M,25089,btol,N,20,2408M-09-02,0,0,T,25089,F,
2408M,25090,big,N,20,2408M-09-02,0,0,T,25090,F,
2408M,25117,kivonatolt_adozo_adoszam_05,S,150,2408M-05,0,0,F,25117,F,
2408M,25118,kivonatolt_fejlec_nev_05,S,150,2408M-05,0,0,F,25118,F,
2408M,25119,kivonatolt_adoszam_05,S,150,2408M-05,0,0,F,25119,F,
2408M,25120,kivonatolt_adozo_adoszam_0902,S,150,2408M-09-02,0,0,T,25120,F,
2408M,25121,kivonatolt_adoszam_0902,S,150,2408M-09-02,0,0,T,25121,F,
2408M,25122,kivonatolt_fejlec_nev_0902,S,150,2408M-09-02,0,0,T,25122,F,
2408M,25123,alkminkod_0902_M651_1,N,20,2408M-09-02,0,0,T,25123,F,
2408M,25124,alkminkod_0902_M651_2,N,20,2408M-09-02,0,0,T,25124,F,
2408M,25125,alkmin08_M188,N,11,2408M-08,0,0,T,25125,F,
2408M,25126,alkmin09_M188,N,11,2408M-09,0,0,T,25126,F,
2408M,25127,alkmin0901_M188,N,11,2408M-09-01,0,0,T,25127,F,
2408M,25128,alkmin0902_M188,N,11,2408M-09-02,0,0,T,25128,F,
2408M,25129,alkmin10_M188,N,11,2408M-10,0,0,T,25129,F,
2408M,25130,alkmin11_M188,N,11,2408M-11,0,0,T,25130,F,
2408M,25131,11lap_A136,N,1,2408M-11,0,0,T,25131,F,
2408M,25132,11lap_A138,N,1,2408M-11,0,0,T,25132,F,
2408M,25156,adókedv11_21_A272_M,N,11,2408M-11,0,0,T,25156,F,
2408M,25180,TEMP_M649,N,20,2408M-09-02,0,0,T,25180,F,
2408M,25269,alkminkod08_34_M048,N,11,2408M-08,0,0,T,25269,F,
2408M,25285,___25285,S,150,2408M-06,344,0,T,25285,F,
2408M,25287,___25287,S,150,2408M-06,343,0,T,25287,F,
2408M,25293,kedvezményezett_db,N,2,2408M-06,0,0,T,25293,F,
2408M,25294,eltartott_db,N,2,2408M-06,0,0,T,25294,F,
2408M,25295,felváltva_db,N,2,2408M-06,0,0,T,25295,F,
2408M,25296,beteg_db,N,2,2408M-06,0,0,T,25296,F,
2408M,25297,felváltva_beteg_db,N,2,2408M-06,0,0,T,25297,F,
2408M,25299,maxcsk,N,15,2408M,0,0,F,25299,F,
2408M,25300,kiv_30alatti_350,S,150,2408M-06,350,0,T,25300,F,
2408M,25301,kiv_30alatti_351,S,150,2408M-06,350,0,T,25301,F,
2408M,25302,kiv_30alatti_352,S,150,2408M-06,350,0,T,25302,F,
2408M,25303,kiv_30alatti_353,S,150,2408M-06,350,0,T,25303,F,
2408M,25304,J350,N,8,2408M-06,350,10,T,25304,F,
2408M,25305,J351,N,8,2408M-06,351,10,T,25305,F,
2408M,25306,J352,N,8,2408M-06,352,10,T,25306,F,
2408M,25307,J353,N,8,2408M-06,353,10,T,25307,F,
2408M,25308,kedvezmény_4_5,N,11,2408M-06,0,0,T,25308,F,
2408M,25309,M290,N,11,2408M-08,0,0,T,25309,F,
2408M,25311,L1,N,11,2408M-12,1,12,T,25311,F,
2408M,25312,L2,N,11,2408M-12,2,12,T,25312,F,
2408M,25313,L3,N,11,2408M-12,3,12,T,25313,F,
2408M,25314,L4,N,11,2408M-12,4,12,T,25314,F,
2408M,25315,L5,N,11,2408M-12,5,12,T,25315,F,
2408M,25316,L6,N,11,2408M-12,6,12,T,25316,F,
2408M,25317,L7,N,11,2408M-12,7,12,T,25317,F,
2408M,25318,L8,N,11,2408M-12,8,12,T,25318,F,
2408M,25319,L9,N,11,2408M-12,9,12,T,25319,F,
2408M,25320,L10,N,11,2408M-12,10,12,T,25320,F,
2408M,25321,L11,N,11,2408M-12,11,12,T,25321,F,
2408M,25322,L12,N,11,2408M-12,12,12,T,25322,F,
2408M,25323,L13,N,11,2408M-12,13,12,T,25323,F,
2408M,25324,L14,N,11,2408M-12,14,12,T,25324,F,
2408M,25325,L15,N,11,2408M-12,15,12,T,25325,F,
2408M,25326,L16,N,11,2408M-12,16,12,T,25326,F,
2408M,25327,L17,N,11,2408M-12,17,12,T,25327,F,
2408M,25328,L18,N,11,2408M-12,18,12,T,25328,F,
2408M,25329,L19,N,11,2408M-12,19,12,T,25329,F,
2408M,25330,L20,N,11,2408M-12,20,12,T,25330,F,
2408M,25331,L21,N,11,2408M-12,21,12,T,25331,F,
2408M,25332,L22,N,11,2408M-12,22,12,T,25332,F,
2408M,25333,L23,N,11,2408M-12,23,12,T,25333,F,
2408M,25334,L24,N,11,2408M-12,24,12,T,25334,F,
2408M,25335,L25,N,11,2408M-12,25,12,T,25335,F,
2408M,25336,L26,N,11,2408M-12,26,12,T,25336,F,
2408M,25337,L27,N,11,2408M-12,27,12,T,25337,F,
2408M,25338,L28,N,11,2408M-12,28,12,T,25338,F,
2408M,25339,L29,N,11,2408M-12,29,12,T,25339,F,
2408M,25340,L30,N,11,2408M-12,30,12,T,25340,F,
2408M,25341,L31,N,11,2408M-12,31,12,T,25341,F,
2408M,25342,M705,N,8,2408M-12,705,13,T,25342,F,
2408M,25343,M706,N,8,2408M-12,706,13,T,25343,F,
2408M,25344,M707,N,8,2408M-12,707,13,T,25344,F,
2408M,25345,M708,N,8,2408M-12,708,13,T,25345,F,
2408M,25346,M709,N,8,2408M-12,709,13,T,25346,F,
2408M,25347,M710,N,8,2408M-12,710,13,T,25347,F,
2408M,25348,M711,N,8,2408M-12,711,13,T,25348,F,
2408M,25349,M712,N,8,2408M-12,712,13,T,25349,F,
2408M,25350,M713,N,8,2408M-12,713,13,T,25350,F,
2408M,25351,M714,N,8,2408M-12,714,13,T,25351,F,
2408M,25352,M715,N,8,2408M-12,715,13,T,25352,F,
2408M,25353,N705,N,8,2408M-12,705,14,T,25353,F,
2408M,25354,N706,N,8,2408M-12,706,14,T,25354,F,
2408M,25355,N707,N,8,2408M-12,707,14,T,25355,F,
2408M,25356,N708,N,8,2408M-12,708,14,T,25356,F,
2408M,25357,N709,N,8,2408M-12,709,14,T,25357,F,
2408M,25358,N710,N,8,2408M-12,710,14,T,25358,F,
2408M,25359,N711,N,8,2408M-12,711,14,T,25359,F,
2408M,25360,N712,N,8,2408M-12,712,14,T,25360,F,
2408M,25361,N713,N,8,2408M-12,713,14,T,25361,F,
2408M,25362,N714,N,8,2408M-12,714,14,T,25362,F,
2408M,25363,N715,N,8,2408M-12,715,14,T,25363,F,
2408M,25364,O700,N,8,2408M-12,700,15,T,25364,F,
2408M,25365,O701,N,8,2408M-12,701,15,T,25365,F,
2408M,25366,O702,N,8,2408M-12,702,15,T,25366,F,
2408M,25367,O703,N,8,2408M-12,703,15,T,25367,F,
2408M,25368,O704,N,8,2408M-12,704,15,T,25368,F,
2408M,25369,O705,N,8,2408M-12,705,15,T,25369,F,
2408M,25370,O706,N,8,2408M-12,706,15,T,25370,F,
2408M,25371,O707,N,8,2408M-12,707,15,T,25371,F,
2408M,25372,O708,N,8,2408M-12,708,15,T,25372,F,
2408M,25373,O709,N,8,2408M-12,709,15,T,25373,F,
2408M,25374,O710,N,8,2408M-12,710,15,T,25374,F,
2408M,25375,O711,N,8,2408M-12,711,15,T,25375,F,
2408M,25376,O712,N,8,2408M-12,712,15,T,25376,F,
2408M,25377,O713,N,8,2408M-12,713,15,T,25377,F,
2408M,25378,O714,N,8,2408M-12,714,15,T,25378,F,
2408M,25379,O715,N,8,2408M-12,715,15,T,25379,F,
2408M,25380,P700,N,8,2408M-12,700,16,T,25380,F,
2408M,25381,P701,N,8,2408M-12,701,16,T,25381,F,
2408M,25382,P702,N,8,2408M-12,702,16,T,25382,F,
2408M,25383,P703,N,8,2408M-12,703,16,T,25383,F,
2408M,25384,P704,N,8,2408M-12,704,16,T,25384,F,
2408M,25385,P705,N,8,2408M-12,705,16,T,25385,F,
2408M,25386,P706,N,8,2408M-12,706,16,T,25386,F,
2408M,25387,P707,N,8,2408M-12,707,16,T,25387,F,
2408M,25388,P708,N,8,2408M-12,708,16,T,25388,F,
2408M,25389,P709,N,8,2408M-12,709,16,T,25389,F,
2408M,25390,P710,N,8,2408M-12,710,16,T,25390,F,
2408M,25391,P711,N,8,2408M-12,711,16,T,25391,F,
2408M,25392,P712,N,8,2408M-12,712,16,T,25392,F,
2408M,25393,P713,N,8,2408M-12,713,16,T,25393,F,
2408M,25394,P714,N,8,2408M-12,714,16,T,25394,F,
2408M,25395,P715,N,8,2408M-12,715,16,T,25395,F,
2408M,25396,jogviszonytol_08_datum,N,11,2408M-08,0,0,T,25396,F,
2408M,25401,A086_08_nemvizsgal,N,15,2408M,0,0,F,25401,F,
2408M,5779,M700,N,8,2408M-12,700,13,T,5779,F,
2408M,5780,M701,N,8,2408M-12,701,13,T,5780,F,
2408M,5781,M702,N,8,2408M-12,702,13,T,5781,F,
2408M,5782,M703,N,8,2408M-12,703,13,T,5782,F,
2408M,5783,M704,N,8,2408M-12,704,13,T,5783,F,
2408M,5784,N700,N,8,2408M-12,700,14,T,5784,F,
2408M,5785,N701,N,8,2408M-12,701,14,T,5785,F,
2408M,5786,N702,N,8,2408M-12,702,14,T,5786,F,
2408M,5787,N703,N,8,2408M-12,703,14,T,5787,F,
2408M,5788,N704,N,8,2408M-12,704,14,T,5788,F,
2408A,9320,vonalkod,S,10,2408A,1,0,F,0A0001C001A,F,
2408A,7559,adoszam,S,11,2408A,2,0,F,0A0001C002A,F,
2408A,7576,jogelod_adoszam,S,11,2408A,3,0,F,0A0001C003A,F,
2408A,8965,adoazonosito_jel,S,10,2408A,4,0,F,0A0001C004A,F,
2408A,23193,kulfoldi_allam,S,2,2408A,5,0,F,0A0001C005A,F,
2408A,7577,nyilvantartasi_szam,S,12,2408A,6,0,F,0A0001C006A,F,
2408A,23192,kulfoldi_azonosito_szam,S,40,2408A,7,0,F,0A0001C007A,F,
2408A,6275,csaladi_titulus,S,20,2408A,8,0,F,0A0001C008A,F,
2408A,14807,csaladi_vnev,S,40,2408A,9,0,F,0A0001C009A,F,
2408A,14808,csaladi_knev,S,40,2408A,10,0,F,0A0001C010A,F,
2408A,20036,elozo_titulus,S,20,2408A,11,0,F,0A0001C011A,F,
2408A,20037,elozo_vnev,S,40,2408A,12,0,F,0A0001C012A,F,
2408A,20038,elozo_knev,S,40,2408A,13,0,F,0A0001C013A,F,
2408A,7560,nev,S,80,2408A,14,0,F,0A0001C014A,F,
2408A,20709,szekhely_kulfoldi_cim,L,1,2408A,15,0,F,0A0001C015A,F,
2408A,20710,szekhely_orszag,S,80,2408A,16,0,F,0A0001C016A,F,
2408A,7561,szekhely_iranyitoszam,S,9,2408A,17,0,F,0A0001C017A,F,
2408A,7562,szekhely_varos,S,80,2408A,18,0,F,0A0001C018A,F,
2408A,7563,szekhely_kozter_nev,S,40,2408A,19,0,F,0A0001C019A,F,
2408A,7564,szekhely_kozter_jelleg,S,20,2408A,20,0,F,0A0001C020A,F,
2408A,7565,szekhely_hazszam,S,15,2408A,21,0,F,0A0001C021A,F,
2408A,7566,szekhely_epulet,S,8,2408A,22,0,F,0A0001C022A,F,
2408A,7567,szekhely_lepcsohaz,S,8,2408A,23,0,F,0A0001C023A,F,
2408A,7568,szekhely_emelet,S,6,2408A,24,0,F,0A0001C024A,F,
2408A,7569,szekhely_ajto,S,6,2408A,25,0,F,0A0001C025A,F,
2408A,7571,ugyintezo_neve,S,80,2408A,26,0,F,0A0001C026A,F,
2408A,7570,ugyintezo_telefonszama,S,40,2408A,27,0,F,0A0001C027A,F,
2408A,7572,bevtol,N,8,2408A,28,0,F,0A0001C028A,F,
2408A,7573,bevig,N,8,2408A,29,0,F,0A0001C029A,F,
2408A,13098,bevallas_jelleg,S,1,2408A,30,0,F,0A0001C030A,F,
2408A,7574,bevallas_tipus,S,1,2408A,31,0,F,0A0001C031A,F,
2408A,9011,bevallas_fajta,S,1,2408A,32,0,F,0A0001C032A,F,
2408A,7579,maganszemelyek_szama,N,7,2408A,33,0,F,0A0001C033A,F,
2408A,15128,foglalkoztatott_szama_1,N,7,2408A,34,0,F,0A0001C034A,F,
2408A,24279,kiva,L,1,2408A,35,0,F,0A0001C035A,F,
2408A,13097,kormányhivatal_bevallása,S,1,2408A,36,0,F,0A0001C036A,F,
2408A,24495,MÁK_bevallás,S,1,2408A,37,0,F,0A0001C037A,F,
2408A,24406,adoazonosito_indok,S,1,2408A,38,0,F,0A0001C038A,F,
2408A,23280,Tbj_87,S,1,2408A,39,0,F,0A0001C039A,F,
2408A,24484,egyszerûsített_foglalkoztatás,L,1,2408A,40,0,F,0A0001C040A,F,
2408A,19951,adoszam_0101,S,11,2408A-01-01,1,0,F,0B0001B001A,F,
2408A,19952,adoazonosito_jel_0101,S,10,2408A-01-01,2,0,F,0B0001B002A,F,
2408A,25013,0101_jelölje_36D,L,1,2408A-01-01,1,0,F,0B0001C001A,F,
2408A,19948,C1,N,16,2408A-01-01,1,3,F,0B0001D0001CA,F,
2408A,19930,C2,N,15,2408A-01-01,2,3,F,0B0001D0002CA,F,
2408A,19931,C3,N,15,2408A-01-01,3,3,F,0B0001D0003CA,F,
2408A,19947,C4,N,15,2408A-01-01,4,3,F,0B0001D0004CA,F,
2408A,19932,C5,N,15,2408A-01-01,5,3,F,0B0001D0005CA,F,
2408A,25021,A6,N,15,2408A-01-01,6,1,F,0B0001D0006AA,F,
2408A,19933,C6,N,15,2408A-01-01,6,3,F,0B0001D0006CA,F,
2408A,19934,C7,N,16,2408A-01-01,7,3,F,0B0001D0007CA,F,
2408A,19935,C8,N,15,2408A-01-01,8,3,F,0B0001D0008CA,F,
2408A,19936,C9,N,15,2408A-01-01,9,3,F,0B0001D0009CA,F,
2408A,23233,C10,N,15,2408A-01-01,10,3,F,0B0001D0010CA,F,
2408A,24443,C11,N,15,2408A-01-01,11,3,F,0B0001D0011CA,F,
2408A,23205,C12,N,15,2408A-01-01,12,3,F,0B0001D0012CA,F,
2408A,24298,A13,N,15,2408A-01-01,13,1,F,0B0001D0013AA,F,
2408A,24297,C13,N,15,2408A-01-01,13,3,F,0B0001D0013CA,F,
2408A,24562,C14,N,16,2408A-01-01,14,3,F,0B0001D0014CA,F,
2408A,25019,C15,N,16,2408A-01-01,15,3,F,0B0001D0015CA,F,
2408A,25020,C16,N,16,2408A-01-01,16,3,F,0B0001D0016CA,F,
2408A,24589,C26,N,16,2408A-01-01,26,3,F,0B0001E0026CA,F,
2408A,24581,C27,N,15,2408A-01-01,27,3,F,0B0001E0027CA,F,
2408A,24588,C28,N,15,2408A-01-01,28,3,F,0B0001E0028CA,F,
2408A,25008,A29,N,11,2408A-01-01,29,1,F,0B0001E0029AA,F,
2408A,25007,C29,N,15,2408A-01-01,29,3,F,0B0001E0029CA,F,
2408A,25005,A30,N,11,2408A-01-01,30,1,F,0B0001E0030AA,F,
2408A,25006,C30,N,15,2408A-01-01,30,3,F,0B0001E0030CA,F,
2408A,25010,A31,N,11,2408A-01-01,31,1,F,0B0001E0031AA,F,
2408A,25009,C31,N,15,2408A-01-01,31,3,F,0B0001E0031CA,F,
2408A,24496,lapszam_0103,N,3,2408A-01-03,1,0,T,0CXXXXB001A,F,
2408A,24497,adoszam_0103,S,11,2408A-01-03,2,0,T,0CXXXXB002A,F,
2408A,24498,adoazonosito_jel_0103,S,10,2408A-01-03,3,0,T,0CXXXXB003A,F,
2408A,13844,[0103]A50,S,10,2408A-01-03,50,1,T,0CXXXXC0050AA,F,
2408A,16672,[0103]B50,S,9,2408A-01-03,50,2,T,0CXXXXC0050BA,F,
2408A,24501,[0103]C50,S,11,2408A-01-03,50,3,T,0CXXXXC0050CA,F,
2408A,24502,[0103]D50,S,40,2408A-01-03,50,4,T,0CXXXXC0050DA,F,
2408A,24503,[0103]E50,S,40,2408A-01-03,50,5,T,0CXXXXC0050EA,F,
2408A,17052,[0103]F50,S,40,2408A-01-03,50,6,T,0CXXXXC0050FA,F,
2408A,17053,[0103]G50,S,40,2408A-01-03,50,7,T,0CXXXXC0050GA,F,
2408A,24535,[0103]H50,S,40,2408A-01-03,50,8,T,0CXXXXC0050HA,F,
2408A,24536,[0103]I50,S,40,2408A-01-03,50,9,T,0CXXXXC0050IA,F,
2408A,13854,[0103]J50,S,40,2408A-01-03,50,10,T,0CXXXXC0050JA,F,
2408A,13855,[0103]K50,N,8,2408A-01-03,50,11,T,0CXXXXC0050KA,F,
2408A,24456,[0103]L50,N,8,2408A-01-03,50,12,T,0CXXXXC0050LA,F,
2408A,24504,[0103]M50,S,3,2408A-01-03,50,13,T,0CXXXXC0050MA,F,
2408A,24552,[0103]N50,L,1,2408A-01-03,50,14,T,0CXXXXC0050NA,F,
2408A,24510,[0103]A51,S,10,2408A-01-03,51,1,T,0CXXXXC0051AA,F,
2408A,24555,[0103]B51,S,9,2408A-01-03,51,2,T,0CXXXXC0051BA,F,
2408A,24505,[0103]C51,S,11,2408A-01-03,51,3,T,0CXXXXC0051CA,F,
2408A,24506,[0103]D51,S,40,2408A-01-03,51,4,T,0CXXXXC0051DA,F,
2408A,24507,[0103]E51,S,40,2408A-01-03,51,5,T,0CXXXXC0051EA,F,
2408A,24508,[0103]F51,S,40,2408A-01-03,51,6,T,0CXXXXC0051FA,F,
2408A,24509,[0103]G51,S,40,2408A-01-03,51,7,T,0CXXXXC0051GA,F,
2408A,24537,[0103]H51,S,40,2408A-01-03,51,8,T,0CXXXXC0051HA,F,
2408A,24538,[0103]I51,S,40,2408A-01-03,51,9,T,0CXXXXC0051IA,F,
2408A,24539,[0103]J51,S,40,2408A-01-03,51,10,T,0CXXXXC0051JA,F,
2408A,24540,[0103]K51,N,8,2408A-01-03,51,11,T,0CXXXXC0051KA,F,
2408A,24511,[0103]L51,N,8,2408A-01-03,51,12,T,0CXXXXC0051LA,F,
2408A,24512,[0103]M51,S,3,2408A-01-03,51,13,T,0CXXXXC0051MA,F,
2408A,24554,[0103]N51,L,1,2408A-01-03,51,14,T,0CXXXXC0051NA,F,
2408A,24520,[0103]A52,S,10,2408A-01-03,52,1,T,0CXXXXC0052AA,F,
2408A,24556,[0103]B52,S,9,2408A-01-03,52,2,T,0CXXXXC0052BA,F,
2408A,24515,[0103]C52,S,11,2408A-01-03,52,3,T,0CXXXXC0052CA,F,
2408A,24516,[0103]D52,S,40,2408A-01-03,52,4,T,0CXXXXC0052DA,F,
2408A,24517,[0103]E52,S,40,2408A-01-03,52,5,T,0CXXXXC0052EA,F,
2408A,24518,[0103]F52,S,40,2408A-01-03,52,6,T,0CXXXXC0052FA,F,
2408A,24519,[0103]G52,S,40,2408A-01-03,52,7,T,0CXXXXC0052GA,F,
2408A,24542,[0103]H52,S,40,2408A-01-03,52,8,T,0CXXXXC0052HA,F,
2408A,24543,[0103]I52,S,40,2408A-01-03,52,9,T,0CXXXXC0052IA,F,
2408A,24544,[0103]J52,S,40,2408A-01-03,52,10,T,0CXXXXC0052JA,F,
2408A,24545,[0103]K52,N,8,2408A-01-03,52,11,T,0CXXXXC0052KA,F,
2408A,24521,[0103]L52,N,8,2408A-01-03,52,12,T,0CXXXXC0052LA,F,
2408A,24522,[0103]M52,S,3,2408A-01-03,52,13,T,0CXXXXC0052MA,F,
2408A,24553,[0103]N52,L,1,2408A-01-03,52,14,T,0CXXXXC0052NA,F,
2408A,20640,adoszam_0201,S,11,2408A-02-01,1,0,F,0D0001B001A,F,
2408A,20641,adoazonosito_jel_0201,S,10,2408A-02-01,2,0,F,0D0001B002A,F,
2408A,12188,C70,N,20,2408A-02-01,70,3,F,0D0001C0070CA,F,
2408A,12189,C71,N,20,2408A-02-01,71,3,F,0D0001C0071CA,F,
2408A,12205,C72,N,20,2408A-02-01,72,3,F,0D0001C0072CA,F,
2408A,24403,C73,N,20,2408A-02-01,73,3,F,0D0001C0073CA,F,
2408A,12190,C74,N,21,2408A-02-01,74,3,F,0D0001C0074CA,F,
2408A,20040,D74,N,22,2408A-02-01,74,4,F,0D0001C0074DA,F,
2408A,23219,E74,S,2,2408A-02-01,74,5,F,0D0001C0074EA,F,
2408A,24106,C102,N,20,2408A-02-01,102,3,F,0D0001C0102CA,F,
2408A,24309,C103,N,20,2408A-02-01,103,3,F,0D0001C0103CA,F,
2408A,24558,C104,N,20,2408A-02-01,104,3,F,0D0001C0104CA,F,
2408A,24560,C105,N,20,2408A-02-01,105,3,F,0D0001C0105CA,F,
2408A,24809,C106,N,20,2408A-02-01,106,3,F,0D0001C0106CA,F,
2408A,25004,C107,N,20,2408A-02-01,107,3,F,0D0001C0107CA,F,
2408A,24561,C108,N,20,2408A-02-01,108,3,F,0D0001C0108CA,F,
2408A,24120,C109,N,21,2408A-02-01,109,3,F,0D0001C0109CA,F,
2408A,24121,D109,N,22,2408A-02-01,109,4,F,0D0001C0109DA,F,
2408A,24122,E109,S,2,2408A-02-01,109,5,F,0D0001C0109EA,F,
2408A,24886,C120,N,20,2408A-02-01,120,3,F,0D0001C0120CA,F,
2408A,24887,C121,N,20,2408A-02-01,121,3,F,0D0001C0121CA,F,
2408A,24888,C122,N,20,2408A-02-01,122,3,F,0D0001C0122CA,F,
2408A,24889,C123,N,21,2408A-02-01,123,3,F,0D0001C0123CA,F,
2408A,24890,D123,N,22,2408A-02-01,123,4,F,0D0001C0123DA,F,
2408A,24891,E123,S,2,2408A-02-01,123,5,F,0D0001C0123EA,F,
2408A,13333,adoszam_0202,S,11,2408A-02-02,1,0,F,0E0001B001A,F,
2408A,13332,adoazonosito_jel_0202,S,10,2408A-02-02,2,0,F,0E0001B002A,F,
2408A,24710,C136,N,20,2408A-02-02,136,3,F,0E0001C0136CA,F,
2408A,24709,D136,N,22,2408A-02-02,136,4,F,0E0001C0136DA,F,
2408A,24708,E136,S,2,2408A-02-02,136,5,F,0E0001C0136EA,F,
2408A,24873,C150,N,20,2408A-02-02,150,3,F,0E0001C0150CA,F,
2408A,24874,C151,N,20,2408A-02-02,151,3,F,0E0001C0151CA,F,
2408A,24875,C152,N,20,2408A-02-02,152,3,F,0E0001C0152CA,F,
2408A,24876,C153,N,21,2408A-02-02,153,3,F,0E0001C0153CA,F,
2408A,24877,D153,N,22,2408A-02-02,153,4,F,0E0001C0153DA,F,
2408A,24878,E153,S,2,2408A-02-02,153,5,F,0E0001C0153EA,F,
2408A,24858,C154,N,20,2408A-02-02,154,3,F,0E0001C0154CA,F,
2408A,24859,D154,N,22,2408A-02-02,154,4,F,0E0001C0154DA,F,
2408A,24860,E154,S,2,2408A-02-02,154,5,F,0E0001C0154EA,F,
2408A,24861,C155,N,20,2408A-02-02,155,3,F,0E0001C0155CA,F,
2408A,24862,D155,N,22,2408A-02-02,155,4,F,0E0001C0155DA,F,
2408A,24863,E155,S,2,2408A-02-02,155,5,F,0E0001C0155EA,F,
2408A,24864,C156,N,20,2408A-02-02,156,3,F,0E0001C0156CA,F,
2408A,24865,D156,N,22,2408A-02-02,156,4,F,0E0001C0156DA,F,
2408A,24866,E156,S,2,2408A-02-02,156,5,F,0E0001C0156EA,F,
2408A,24867,C157,N,20,2408A-02-02,157,3,F,0E0001C0157CA,F,
2408A,24868,D157,N,22,2408A-02-02,157,4,F,0E0001C0157DA,F,
2408A,24869,E157,S,2,2408A-02-02,157,5,F,0E0001C0157EA,F,
2408A,24871,C158,N,20,2408A-02-02,158,3,F,0E0001C0158CA,F,
2408A,24872,C159,N,20,2408A-02-02,159,3,F,0E0001C0159CA,F,
2408A,24880,C160,N,20,2408A-02-02,160,3,F,0E0001C0160CA,F,
2408A,24881,D160,N,22,2408A-02-02,160,4,F,0E0001C0160DA,F,
2408A,24882,E160,S,2,2408A-02-02,160,5,F,0E0001C0160EA,F,
2408A,24883,C161,N,20,2408A-02-02,161,3,F,0E0001C0161CA,F,
2408A,24884,D161,N,22,2408A-02-02,161,4,F,0E0001C0161DA,F,
2408A,24885,E161,S,2,2408A-02-02,161,5,F,0E0001C0161EA,F,
2408A,24359,adoszam_0203,S,11,2408A-02-03,1,0,F,0F0001B001A,F,
2408A,24360,adoazonosito_jel_0203,S,10,2408A-02-03,2,0,F,0F0001B002A,F,
2408A,24391,B170,N,20,2408A-02-03,170,2,F,0F0001C0170BA,F,
2408A,24392,B171,N,20,2408A-02-03,171,2,F,0F0001C0171BA,F,
2408A,24394,B172,N,20,2408A-02-03,172,2,F,0F0001C0172BA,F,
2408A,24714,B173,N,20,2408A-02-03,173,2,F,0F0001C0173BA,F,
2408A,24393,B174,N,21,2408A-02-03,174,2,F,0F0001C0174BA,F,
2408A,24395,C174,N,22,2408A-02-03,174,3,F,0F0001C0174CA,F,
2408A,12285,adoszam_0301,S,11,2408A-03-01,1,0,F,0G0001B001A,F,
2408A,12284,adoazonosito_jel_0301,S,10,2408A-03-01,2,0,F,0G0001B002A,F,
2408A,20706,ismetelt_onellenorzes,L,1,2408A-03-01,1,0,F,0G0001C001A,F,
2408A,12222,D193,N,11,2408A-03-01,193,4,F,0G0001D0193DA,F,
2408A,23243,D194,N,15,2408A-03-01,194,4,F,0G0001D0194DA,F,
2408A,13655,C195,N,11,2408A-03-01,195,3,F,0G0001D0195CA,F,
2408A,13832,D195,N,11,2408A-03-01,195,4,F,0G0001D0195DA,F,
2408A,13656,D196,N,11,2408A-03-01,196,4,F,0G0001D0196DA,F,
2408A,24609,C197,N,11,2408A-03-01,197,3,F,0G0001D0197CA,F,
2408A,23232,D197,N,11,2408A-03-01,197,4,F,0G0001D0197DA,F,
2408A,24598,D198,N,11,2408A-03-01,198,4,F,0G0001D0198DA,F,
2408A,25014,D199,N,11,2408A-03-01,199,4,F,0G0001D0199DA,F,
2408A,24603,C200,N,11,2408A-03-01,200,3,F,0G0001D0200CA,F,
2408A,24597,D200,N,11,2408A-03-01,200,4,F,0G0001D0200DA,F,
2408A,24601,D201,N,11,2408A-03-01,201,4,F,0G0001D0201DA,F,
2408A,24600,D202,N,11,2408A-03-01,202,4,F,0G0001D0202DA,F,
2408A,12227,C203,N,11,2408A-03-01,203,3,F,0G0001D0203CA,F,
2408A,12228,D203,N,11,2408A-03-01,203,4,F,0G0001D0203DA,F,
2408A,20681,D204,N,15,2408A-03-01,204,4,F,0G0001D0204DA,F,
2408A,20691,C205,N,11,2408A-03-01,205,3,F,0G0001D0205CA,F,
2408A,20692,D205,N,11,2408A-03-01,205,4,F,0G0001D0205DA,F,
2408A,20693,C206,N,11,2408A-03-01,206,3,F,0G0001D0206CA,F,
2408A,20694,D206,N,11,2408A-03-01,206,4,F,0G0001D0206DA,F,
2408A,20695,C207,N,11,2408A-03-01,207,3,F,0G0001D0207CA,F,
2408A,20696,D207,N,11,2408A-03-01,207,4,F,0G0001D0207DA,F,
2408A,24261,C208,N,11,2408A-03-01,208,3,F,0G0001D0208CA,F,
2408A,24262,D208,N,11,2408A-03-01,208,4,F,0G0001D0208DA,F,
2408A,24263,C209,N,11,2408A-03-01,209,3,F,0G0001D0209CA,F,
2408A,24264,D209,N,11,2408A-03-01,209,4,F,0G0001D0209DA,F,
2408A,24265,C210,N,11,2408A-03-01,210,3,F,0G0001D0210CA,F,
2408A,24266,D210,N,11,2408A-03-01,210,4,F,0G0001D0210DA,F,
2408A,24267,C211,N,11,2408A-03-01,211,3,F,0G0001D0211CA,F,
2408A,24268,D211,N,11,2408A-03-01,211,4,F,0G0001D0211DA,F,
2408A,24719,A212,N,15,2408A-03-01,212,1,F,0G0001D0212AA,F,
2408A,24724,D213,N,11,2408A-03-01,213,4,F,0G0001D0213DA,F,
2408A,24720,C214,N,11,2408A-03-01,214,3,F,0G0001D0214CA,F,
2408A,24721,D214,N,11,2408A-03-01,214,4,F,0G0001D0214DA,F,
2408A,24726,C215,N,11,2408A-03-01,215,3,F,0G0001D0215CA,F,
2408A,24725,D215,N,11,2408A-03-01,215,4,F,0G0001D0215DA,F,
2408A,14738,adoszam_0302,S,11,2408A-03-02,1,0,F,0H0001B001A,F,
2408A,14739,adoazonosito_jel_0302,S,10,2408A-03-02,2,0,F,0H0001B002A,F,
2408A,14697,C240,N,11,2408A-03-02,240,3,F,0H0001C0240CA,F,
2408A,14698,C241,N,11,2408A-03-02,241,3,F,0H0001C0241CA,F,
2408A,14699,C242,N,15,2408A-03-02,242,3,F,0H0001C0242CA,F,
2408A,20698,C250,N,11,2408A-03-02,250,3,F,0H0001D0250CA,F,
2408A,20703,C255,N,11,2408A-03-02,255,3,F,0H0001E0255CA,F,
2408A,12339,lapszam_EUNY,N,2,2408A-EUNY,72,0,T,0IXXXXB001A,F,
2408A,12343,adoszam_EUNY,S,11,2408A-EUNY,2,0,T,0IXXXXB002A,F,
2408A,12342,adoazonosito_jel_EUNY,S,10,2408A-EUNY,3,0,T,0IXXXXB003A,F,
2408A,12341,nev_EUNY,S,75,2408A-EUNY,4,0,T,0IXXXXB004A,F,
2408A,12344,[EUNY]A1,S,3,2408A-EUNY,1,1,T,0IXXXXC0001AA,F,
2408A,12345,[EUNY]A2,S,80,2408A-EUNY,2,1,T,0IXXXXC0002AA,F,
2408A,12346,[EUNY]A3,S,80,2408A-EUNY,3,1,T,0IXXXXD0003AA,F,
2408A,24939,[EUNY]A4,S,80,2408A-EUNY,4,1,T,0IXXXXD0004AA,F,
2408A,12347,[EUNY]A5,S,80,2408A-EUNY,5,1,T,0IXXXXD0005AA,F,
2408A,12348,[EUNY]A6,S,80,2408A-EUNY,6,1,T,0IXXXXD0006AA,F,
2408A,12349,[EUNY]A7,S,80,2408A-EUNY,7,1,T,0IXXXXD0007AA,F,
2408A,12350,[EUNY]A8,S,80,2408A-EUNY,8,1,T,0IXXXXD0008AA,F,
2408A,12351,[EUNY]A9,S,80,2408A-EUNY,9,1,T,0IXXXXD0009AA,F,
2408A,12352,[EUNY]A10,S,80,2408A-EUNY,10,1,T,0IXXXXD0010AA,F,
2408A,12353,[EUNY]A11,S,80,2408A-EUNY,11,1,T,0IXXXXD0011AA,F,
2408A,12354,[EUNY]A12,S,80,2408A-EUNY,12,1,T,0IXXXXD0012AA,F,
2408A,12355,[EUNY]A13,S,80,2408A-EUNY,13,1,T,0IXXXXD0013AA,F,
2408A,12356,[EUNY]A14,S,80,2408A-EUNY,14,1,T,0IXXXXD0014AA,F,
2408A,12357,[EUNY]A15,S,80,2408A-EUNY,15,1,T,0IXXXXD0015AA,F,
2408A,12358,[EUNY]A16,S,80,2408A-EUNY,16,1,T,0IXXXXD0016AA,F,
2408A,12359,[EUNY]A17,S,80,2408A-EUNY,17,1,T,0IXXXXD0017AA,F,
2408A,12360,[EUNY]A18,S,80,2408A-EUNY,18,1,T,0IXXXXD0018AA,F,
2408A,12361,[EUNY]A19,S,80,2408A-EUNY,19,1,T,0IXXXXD0019AA,F,
2408A,12362,[EUNY]A20,S,80,2408A-EUNY,20,1,T,0IXXXXD0020AA,F,
2408A,12363,[EUNY]A21,S,80,2408A-EUNY,21,1,T,0IXXXXD0021AA,F,
2408A,12364,[EUNY]A22,S,80,2408A-EUNY,22,1,T,0IXXXXD0022AA,F,
2408A,12365,[EUNY]A23,S,80,2408A-EUNY,23,1,T,0IXXXXD0023AA,F,
2408A,12366,[EUNY]A24,S,80,2408A-EUNY,24,1,T,0IXXXXD0024AA,F,
2408A,20642,[EUNY]A25,S,80,2408A-EUNY,25,1,T,0IXXXXD0025AA,F,
2408A,23194,0101db,N,11,2408A-01-01,0,0,F,23194,F,
2408A,23195,0201db,N,11,2408A-02-01,0,0,F,23195,F,
2408A,23196,0202db,N,11,2408A-02-02,0,0,F,23196,F,
2408A,23199,0301db,N,11,2408A-03-01,0,0,F,23199,F,
2408A,23200,0302db,N,11,2408A-03-02,0,0,F,23200,F,
2408A,23202,EUNYdb,N,11,2408A-EUNY,0,0,T,23202,F,
2408A,23209,kivonatolt_csaladi_nev,S,150,2408A,0,0,F,23209,F,
2408A,23210,kivonatolt_elozo_nev,S,150,2408A,0,0,F,23210,F,
2408A,23211,kivonatolt_szekhely_cim,S,150,2408A,0,0,F,23211,F,
2408A,23213,kivonatolt_ugyintezo,S,150,2408A,0,0,F,23213,F,
2408A,23214,kivonatolt_bevall_ido,S,150,2408A,0,0,F,23214,F,
2408A,23542,kivonatolt_50_nev,S,150,2408A-01-03,50,0,T,23542,F,
2408A,23544,kivonatolt_50_szul_nev,S,150,2408A-01-03,50,0,T,23544,F,
2408A,23547,kivonatolt_50_szul_hely_ido,S,150,2408A-01-03,50,0,T,23547,F,
2408A,24145,M005_M_1,N,11,2408A,0,0,F,24145,F,
2408A,24146,M005_M_2,N,11,2408A,0,0,F,24146,F,
2408A,24147,M027_M034_M,N,11,2408A,0,0,F,24147,F,
2408A,24151,kivonatolt_adoszam,S,150,2408A,0,0,F,24151,F,
2408A,24152,kivonatolt_jogelod_adoszam,S,150,2408A,0,0,F,24152,F,
2408A,24153,kivonatolt_nyilvantartasi_szam,S,150,2408A,0,0,F,24153,F,
2408A,24154,kivonatolt_adoszam_0101,S,150,2408A-01-01,0,0,F,24154,F,
2408A,24155,kivonatolt_adoszam_0201,S,150,2408A-02-01,0,0,F,24155,F,
2408A,24156,kivonatolt_adoszam_0202,S,150,2408A-02-02,0,0,F,24156,F,
2408A,24157,kivonatolt_adoszam_0301,S,150,2408A-03-01,0,0,F,24157,F,
2408A,24158,kivonatolt_adoszam_0302,S,150,2408A-03-02,0,0,F,24158,F,
2408A,24159,kivonatolt_adoszam_EUNY,S,150,2408A-EUNY,0,0,T,24159,F,
2408A,24161,regi_kormhiv_adoszamok_1,N,11,2408A,0,0,F,24161,F,
2408A,24162,kormanyhivatal_2_3,N,11,2408A,0,0,F,24162,F,
2408A,24163,regi_kormhiv_adoszamok_2,N,11,2408A,0,0,F,24163,F,
2408A,24164,kormanyhivatal_1_ures,N,11,2408A,0,0,F,24164,F,
2408A,24280,kiva_ures,N,11,2408A,0,0,F,24280,F,
2408A,24293,M078_M,N,11,2408A,0,0,F,24293,F,
2408A,24294,regi_kormhiv_adoszamok_3,N,11,2408A,0,0,F,24294,F,
2408A,24361,kivonatolt_adoszam_0203,S,150,2408A-02-03,0,0,F,24361,F,
2408A,24362,0202db_kiv_159_A001_A006_047,N,11,2408A-02-02,0,0,F,24362,F,
2408A,24363,0203db,N,11,2408A-02-03,0,0,F,24363,F,
2408A,24407,adoszam_8kar,S,11,2408A,0,0,F,24407,F,
2408A,24410,uj_kormhiv_adoszamok,N,11,2408A,0,0,F,24410,F,
2408A,24485,egyszerûsített_bevallás_érték,N,11,2408A,0,0,F,24485,F,
2408A,24500,0103db,N,11,2408A-01-03,0,0,T,24500,F,
2408A,24513,kivonatolt_51_szul_nev,S,150,2408A-01-03,51,0,T,24513,F,
2408A,24514,kivonatolt_51_nev,S,150,2408A-01-03,51,0,T,24514,F,
2408A,24523,kivonatolt_52_nev,S,150,2408A-01-03,52,0,T,24523,F,
2408A,24524,kivonatolt_52_szul_nev,S,150,2408A-01-03,52,0,T,24524,F,
2408A,24541,kivonatolt_51_szul_hely_ido,S,150,2408A-01-03,51,0,T,24541,F,
2408A,24546,kivonatolt_52_szul_hely_ido,S,150,2408A-01-03,52,0,T,24546,F,
2408A,24605,kivonatolt_50_anyja_neve,S,150,2408A-01-03,50,0,T,24605,F,
2408A,24606,kivonatolt_51_anyja_neve,S,150,2408A-01-03,51,0,T,24606,F,
2408A,24607,kivonatolt_52_anyja_neve,S,150,2408A-01-03,52,0,T,24607,F,
2408A,24608,0302_kiv_250_255_A001_A006_047,N,11,2408A-03-02,0,0,F,24608,F,
2408A,24610,0103_kitöltött_mezõk_száma,N,11,2408A-01-03,0,0,T,24610,F,
2408A,24611,kitöltött_50,N,11,2408A-01-03,0,0,T,24611,F,
2408A,24612,kitöltött_51,N,11,2408A-01-03,0,0,T,24612,F,
2408A,24613,kitöltött_52,N,11,2408A-01-03,0,0,T,24613,F,
2408A,24614,kiv_50,S,150,2408A-01-03,50,0,T,24614,F,
2408A,24615,kivonatolt_50_adóazonosító,S,150,2408A-01-03,50,0,T,24615,F,
2408A,24616,kivonatolt_50_TAJ,S,150,2408A-01-03,50,0,T,24616,F,
2408A,24617,kivonatolt_50_fogl_kezdete,S,150,2408A-01-03,50,0,T,24617,F,
2408A,24618,kivonatolt_50_kérelem,L,1,2408A-01-03,50,0,T,24618,F,
2408A,24619,kivonatolt_50_minõség,S,150,2408A-01-03,50,0,T,24619,F,
2408A,24620,kivonatolt_51_adóazonosító,S,150,2408A-01-03,50,0,T,24620,F,
2408A,24621,kivonatolt_51_TAJ,S,150,2408A-01-03,50,0,T,24621,F,
2408A,24622,kivonatolt_51_fogl_kezdete,S,150,2408A-01-03,50,0,T,24622,F,
2408A,24623,kivonatolt_51_kérelem,L,1,2408A-01-03,50,0,T,24623,F,
2408A,24624,kivonatolt_51_minõség,S,150,2408A-01-03,50,0,T,24624,F,
2408A,24625,kiv_51,S,150,2408A-01-03,50,0,T,24625,F,
2408A,24626,kiv_52,S,150,2408A-01-03,50,0,T,24626,F,
2408A,24627,kivonatolt_52_adóazonosító,S,150,2408A-01-03,50,0,T,24627,F,
2408A,24628,kivonatolt_52_TAJ,S,150,2408A-01-03,50,0,T,24628,F,
2408A,24629,kivonatolt_52_fogl_kezdete,S,150,2408A-01-03,50,0,T,24629,F,
2408A,24630,kivonatolt_52_kérelem,L,1,2408A-01-03,50,0,T,24630,F,
2408A,24631,kivonatolt_52_minõség,S,150,2408A-01-03,50,0,T,24631,F,
2408A,24632,Korm_2_4_vagy_MÁK_M136,N,11,2408A,0,0,F,24632,F,
2408A,24968,kivonatolt_adoszam_0103,S,150,2408A-01-03,0,0,T,24968,F,
2408A,25015,tipus_M368,N,11,2408A,0,0,F,25015,F,
2408A,25023,0301db_kiv_ism_onell,N,11,2408A-03-01,0,0,F,25023,F,
